-- =============================================================================
-- seed.sql
-- Access reference/configuration seed extracted from
-- legacy-db/YPLogicCurrentConsolidated.accdb with mdbtools.
--
-- Includes: application/config rows, lookup tables, tax/exchange/rate tables,
-- rooms, inventory, and Access query-helper tables.
-- Excludes: production guest/reservation/occupancy/payment/transaction/history
-- tables because they contain PII and old payment-card fields. Use
-- supabase/tools/export_access_data.py for the complete local import.
-- =============================================================================

set search_path = ypl, public;

truncate table
  ypl.application_information,
  ypl.application_information_from_back,
  ypl.application_objects,
  ypl.application_registration,
  ypl.application_specifications,
  ypl.application_versions,
  ypl.lookup_cities,
  ypl.lookup_countries,
  ypl.lookup_guest_diets,
  ypl.lookup_inventory_codes,
  ypl.lookup_inventory_types,
  ypl.lookup_payment_categories,
  ypl.lookup_payment_codes,
  ypl.lookup_payment_types,
  ypl.lookup_phone_fax_types,
  ypl.lookup_regions,
  ypl.lookup_room_rate_codes,
  ypl.lookup_room_rate_types,
  ypl.lookup_room_types,
  ypl.lookup_salutations,
  ypl.lookup_shuttle_sites,
  ypl.lookup_tax_rate_types,
  ypl.lookup_transaction_types,
  ypl.lookup_users,
  ypl.exchange_rates,
  ypl.tax_rates,
  ypl.rooms,
  ypl.room_rates,
  ypl.room_rates_new,
  ypl.inventory_items,
  ypl.inventory_excel_import,
  ypl.payment_type_zero,
  ypl.payment_zero,
  ypl.inventory_rates,
  ypl.inventory_rates_2,
  ypl.calc_tax_rate_filters,
  ypl.calc_tax_rate_filters_2,
  ypl.choose_room_rates,
  ypl.choose_room_rates_2,
  ypl.inventory_taxes,
  ypl.inventory_taxes_2
restart identity cascade;

-- ---- tblApplicationInformation -> ypl.application_information ----
INSERT INTO "ypl"."application_information" ("softwarename", "softwarenamelong", "version", "copyrightdate", "technicalsupport", "processor", "operatingsystem", "ram", "harddrive", "softwarerequirement", "projectcompletiondate", "developerfirstname", "developerlastname", "developercompanyname", "developerphone", "developerfax", "developeremail", "developerwebsite", "developerlogo", "developerlogoalternate", "developercompanyinfo", "archivecomments") VALUES ('YPLogic','YPLogic','C8','2010-02-17 00:00:00','Technical support is available via phone or email.   On-site  support is also available.  If you are 30 days past the completion date you will be charged at the developers current hourly or per diem rate (please contact the developer for current rates).  30 days after the completion of the application, all rates, terms, and conditions are subject to change without notice.','500 MHz or higher','Windows XP/Vista/7','256 MB or higher','2 GB of free space','Access 2007','2010-03-15 00:00:00','Alex','Armstrong','TM NewMedia','(250) 475-0808','(250) 475-0858','Tim.Mock@tmnewmedia.com','www.tmnewmedia.com#http://www.tmnewmedia.com#','','',NULL,'In July 2018, we archived all Reservations with an Arrival Date on or before Dec 2016.
In Dec 2019, we archived all Reservations with an Arrival Date on or before Dec 2017.
In Aug 2023, we archived all Reservations with an Arrival Date on or before June 2022.');

-- ---- tblApplicationInformationFROMBACK -> ypl.application_information_from_back ----
INSERT INTO "ypl"."application_information_from_back" ("softwarename", "softwarenamelong", "version", "copyrightdate", "technicalsupport", "processor", "operatingsystem", "ram", "harddrive", "softwarerequirement", "projectcompletiondate", "developerfirstname", "developerlastname", "developercompanyname", "developerphone", "developerfax", "developeremail", "developerwebsite", "developerlogo", "developerlogoalternate", "developercompanyinfo") VALUES ('YPLogic','YPLogic','2.95','2010-02-17 00:00:00','Technical support is available via phone or email.   On-site  support is also available.  If you are 30 days past the completion date you will be charged at the developers current hourly or per diem rate (please contact the developer for current rates).  30 days after the completion of the application, all rates, terms, and conditions are subject to change without notice.','500 MHz or higher','Windows XP/Vista/7','256 MB or higher','2 GB of free space','Access 2007','2010-03-15 00:00:00','Alex','Armstrong','TM NewMedia','(250) 475-0808','(250) 475-0858','Tim.Mock@tmnewmedia.com','www.tmnewmedia.com#http://www.tmnewmedia.com#','','',NULL);

-- ---- tblApplicationObjects -> ypl.application_objects ----
INSERT INTO "ypl"."application_objects" ("object", "name") VALUES ('Query','qryUpdateReservationPayment'), ('Query','qryUpdateRT'), ('Query','qryUpdateRTAmount'), ('Query','qryUpdateTransaction'), ('Query','qryUpdateTransaction2'), ('Query','qryUpdateTransactionInventory'), ('Query','qryUpdateTransactionInventory2'), ('Query','qryUpdateTransactionInventory3'), ('Query','qryUpdateTransactionInventoryQuantity'), ('Query','qryUpdateTransactionOccupancy'), ('Query','qryUpdateTransactionQuantity'), ('Query','qryUpdateTransAmount'), ('Report','rptAccountsReceivable'), ('Report','rptApplicationObjects'), ('Report','rptApplicationVersion'), ('Report','rptCancellationSlip'), ('Report','rptCancellationSlipIndividual'), ('Report','rptCancelledReservation'), ('Report','rptCashierDetail'), ('Report','rptCheckInFolio'), ('Report','rptCheckOutBill'), ('Report','rptCheckOutBillIndividual'), ('Report','rptConfirmationSlip'), ('Report','rptConfirmationSlipIndividual'), ('Report','rptContactList'), ('Report','rptDailyCashActivity'), ('Report','rptDepositApplied'), ('Report','rptDepositAppliedByAppliedDate'), ('Report','rptDepositKept'), ('Report','rptDepositKeptByKeptDate'), ('Report','rptDepositReceived'), ('Report','rptDepositSummary'), ('Report','rptFolioSummary'), ('Report','rptHousekeeping'), ('Report','rptHousekeepingList'), ('Report','rptInHouse'), ('Report','rptItemCashedOut'), ('Report','rptKitchen'), ('Report','rptKitchenMeal'), ('Report','rptMailout'), ('Report','rptManualSalesList'), ('Report','rptPrepayment'), ('Report','rptRelationship'), ('Report','rptReservationNotes'), ('Report','rptTemplateLandscape'), ('Report','rptTemplatePortrait'), ('Report','rptTemplatePortraitwBanner'), ('Report','rptVehicleOnsite'), ('Subform','fsubApplicationRegistration'), ('Subform','fsubClientLogo'), ('Subform','fsubClientLogoLarge'), ('Subform','fsubGuestHousekeeping'), ('Subform','fsubGuestMeals'), ('Subform','fsubGuestOccupancy'), ('Subform','fsubGuestPayment'), ('Subform','fsubGuestReservation'), ('Subform','fsubGuestReservationNumber'), ('Subform','fsubGuestTransaction'), ('Subform','fsubLookupTable'), ('Subform','fsubMenuCurrentExchangeRate'), ('Subform','fsubMenuReport'), ('Subform','fsubMenuUpdateLog'), ('Subform','fsubReservationGuestName'), ('Subform','fsubReservationGuestNotes'), ('Subform','fsubReservationHousekeeping'), ('Subform','fsubReservationMeals'), ('Subform','fsubReservationOccupancy'), ('Subform','fsubReservationPayment'), ('Subform','fsubReservationResGuest'), ('Subform','fsubReservationTransaction'), ('Subreport','rsubAddressFooter'), ('Subreport','rsubCancellationSlipKitchenDiet'), ('Subreport','rsubCancellationSlipOccupancy'), ('Subreport','rsubCancellationSlipPayment'), ('Subreport','rsubCheckInFolioHousekeeping'), ('Subreport','rsubCheckInFolioKitchenDiet'), ('Subreport','rsubCheckInFolioOccupancy'), ('Subreport','rsubCheckInFolioPayment'), ('Subreport','rsubCheckOutBillPayment'), ('Subreport','rsubCheckOutBillTransaction'), ('Subreport','rsubClientBanner'), ('Subreport','rsubClientLogo'), ('Subreport','rsubClientLogowAddress'), ('Subreport','rsubClientName'), ('Subreport','rsubConfirmationSlipHousekeeping'), ('Subreport','rsubConfirmationSlipKitchenDiet'), ('Subreport','rsubConfirmationSlipOccupancy'), ('Subreport','rsubConfirmationSlipPayment'), ('Subreport','rsubDailyCashReceivedCash'), ('Subreport','rsubDailyCashReceivedCashNeg'), ('Subreport','rsubDailyCashSalesCharges'), ('Subreport','rsubDailyCashTaxes'), ('Subreport','rsubDailyCashType'), ('Subreport','rsubHousekeepingNotes'), ('Subreport','rsubKitchenMealNotes'), ('Subreport','rsubManualSalesListRoom'), ('Table','tblApplicationInformation'), ('Table','tblApplicationInformationFROMBACK'), ('Table','tblApplicationObjects'), ('Table','tblApplicationRegistration'), ('Table','tblApplicationSpecification'), ('Table','tblApplicationVersion'), ('Table','tblCalcTaxRateFilter'), ('Table','tblCalcTaxRateFilter2'), ('Table','tblChooseRoomRate'), ('Table','tblChooseRoomRate2'), ('Table','tblExchangeRate'), ('Table','tblGuest'), ('Table','tblGuest Query'), ('Table','tblGuest Query1'), ('Table','tblGuest Query10'), ('Table','tblGuest Query11'), ('Table','tblGuest Query12'), ('Table','tblGuest Query13'), ('Table','tblGuest Query14'), ('Table','tblGuest Query2'), ('Table','tblGuest Query3'), ('Table','tblGuest Query4'), ('Table','tblGuest Query5'), ('Table','tblGuest Query6'), ('Table','tblGuest Query7'), ('Table','tblGuest Query8'), ('Table','tblGuest Query9'), ('Table','tblHousekeeping'), ('Table','tblHousekeepingARCHIVE'), ('Table','tblInventory'), ('Table','tblInventoryExcel'), ('Table','tblInventoryRate'), ('Table','tblInventoryRate2'), ('Table','tblInventoryTax'), ('Table','tblInventoryTax2'), ('Table','tblKitchenMeal'), ('Table','tblKitchenMealNEW'), ('Table','tblLookupCity'), ('Table','tblLookupCountry'), ('Table','tblLookupGuestDiet'), ('Table','tblLookupInventoryCode'), ('Table','tblLookupInventoryType'), ('Table','tblLookupPaymentCategory'), ('Table','tblLookupPaymentCode'), ('Table','tblLookupPaymentType'), ('Table','tblLookupPhoneFaxType'), ('Table','tblLookupRegion'), ('Table','tblLookupRoomRateCode'), ('Table','tblLookupRoomRateType'), ('Table','tblLookupRoomType'), ('Table','tblLookupSalutation'), ('Table','tblLookupShuttleSite'), ('Table','tblLookupTaxRateType'), ('Table','tblLookupTransactionType'), ('Table','tblLookupUser'), ('Table','tblOccupancy'), ('Table','tblOccupancyARCHIVE'), ('Table','tblPayment'), ('Table','tblPaymentARCHIVE'), ('Table','tblPaymentTypeZero'), ('Table','tblPaymentZero'), ('Table','tblResBoard'), ('Table','tblReservation'), ('Table','tblReservation Query'), ('Table','tblReservation Query1'), ('Table','tblReservation Query10'), ('Table','tblReservation Query11'), ('Table','tblReservation Query12'), ('Table','tblReservation Query13'), ('Table','tblReservation Query14'), ('Table','tblReservation Query15'), ('Table','tblReservation Query16'), ('Table','tblReservation Query17'), ('Table','tblReservation Query18'), ('Table','tblReservation Query2'), ('Table','tblReservation Query3'), ('Table','tblReservation Query4'), ('Table','tblReservation Query5'), ('Table','tblReservation Query6'), ('Table','tblReservation Query7'), ('Table','tblReservation Query8'), ('Table','tblReservation Query9'), ('Table','tblReservationARCHIVE'), ('Table','tblReservationGuest'), ('Table','tblReservationGuestARCHIVE'), ('Table','tblReservationGuesttblShuttle'), ('Table','tblRoom'), ('Table','tblRoomRate'), ('Table','tblRoomRateNEW'), ('Table','tblShuttle'), ('Table','tblShuttleARCHIVE'), ('Table','tblTaxRate'), ('Table','tblTransaction'), ('Table','tblTransactionARCHIVE'), ('Form','frmApplicationAbout'), ('Form','frmApplicationDatabaseCare'), ('Form','frmApplicationInformation'), ('Form','frmApplicationRegistration'), ('Form','frmApplicationSpecification'), ('Form','frmApplicationStartup'), ('Form','frmApplicationSystemRequirements'), ('Form','frmApplicationTechnicalSupport'), ('Form','frmApplicationVersion'), ('Form','frmAssholeCheck'), ('Form','frmAssholeDetector'), ('Form','frmAutoexec'), ('Form','frmChangeAmountInventory'), ('Form','frmChangeAmountInventoryGuest'), ('Form','frmChangeAmountRoom'), ('Form','frmChangeAmountRoomGuest'), ('Form','frmChooseRoomRate'), ('Form','frmConfirmRoomRateType'), ('Form','frmConfirmRoomRateTypeGuest'), ('Form','frmContactPhoneList'), ('Form','frmExchangeRate'), ('Form','frmGuest'), ('Form','frmInventory'), ('Form','frmLookupTables'), ('Form','frmMenu'), ('Form','frmResBoard'), ('Form','frmReservation'), ('Form','frmReservationNotesPopup'), ('Form','frmResNo'), ('Form','frmRoom'), ('Form','frmSpeed'), ('Form','frmSpeedGuest'), ('Form','frmSpeedKitchenMeal'), ('Form','frmSpeedPayment'), ('Form','frmSpeedReservation'), ('Form','frmSpeedReservationGuest'), ('Form','frmSpeedRoom'), ('Form','frmSpeedShuttle'), ('Form','frmTaxRate'), ('Form','frmTemplateData'), ('Form','frmTemplateSubform'), ('Form','frmTemplateSubformShort'), ('Form','frmUpdateQuantityOptions'), ('Form','frmUpdateQuantityOptionsGuest'), ('Macro','Autoexec'), ('Module','basContactPhoneList'), ('Module','basFileOpen'), ('Module','basHideObjects'), ('Module','basLibrary'), ('Module','basOpenDatabase'), ('Module','basPrintLabels'), ('Module','basSleep'), ('Module','basTurnOffSubDataSheets'), ('Module','basTurnOffZeroLengthStrings'), ('Module','Modules'), ('Query','qryAAdates'), ('Query','qryAAoccupancy'), ('Query','qryAAUpdateInventoryTax'), ('Query','qryAppendGuest'), ('Query','qryAppendHousekeepingArchive'), ('Query','qryAppendHousekeepingArchiveRN'), ('Query','qryAppendHousekeepingNotes'), ('Query','qryAppendKitchenMeal'), ('Query','qryAppendKitchenMealNotes'), ('Query','qryAppendOccupancy'), ('Query','qryAppendOccupancyArchive'), ('Query','qryAppendOccupancyArchiveRN'), ('Query','qryAppendPaymentArchive'), ('Query','qryAppendPaymentArchiveRN'), ('Query','qryAppendReservation'), ('Query','qryAppendReservationArchive'), ('Query','qryAppendReservationArchiveRN'), ('Query','qryAppendReservationGuest'), ('Query','qryAppendReservationPayment'), ('Query','qryAppendResGuestArchive'), ('Query','qryAppendResGuestArchiveRN'), ('Query','qryAppendRoomRate'), ('Query','qryAppendShuttleArchive'), ('Query','qryAppendShuttleArchiveRN'), ('Query','qryAppendTransactionArchive'), ('Query','qryAppendTransactionArchiveRN'), ('Query','qryApplicationInformation'), ('Query','qryApplicationObjects'), ('Query','qryApplicationObjectsMakeTable'), ('Query','qryApplicationRegistration'), ('Query','qryApplicationVersion'), ('Query','qryCalcInventoryDMT'), ('Query','qryCalcInventoryGST'), ('Query','qryCalcInventoryHST'), ('Query','qryCalcInventoryHT'), ('Query','qryCalcInventoryLT'), ('Query','qryCalcInventoryPST'), ('Query','qryCalcInventoryRate'), ('Query','qryCalcInventoryRT'), ('Query','qryCalcInventoryTax'), ('Query','qryCalcInventoryTaxUnion'), ('Query','qryCalcInventoryUnion'), ('Query','qryCalcRoomRate'), ('Query','qryCalcRoomRateDMT'), ('Query','qryCalcRoomRateFilter'), ('Query','qryCalcRoomRateGST'), ('Query','qryCalcRoomRateHST'), ('Query','qryCalcRoomRateHT'), ('Query','qryCalcRoomRatePST'), ('Query','qryCalcRoomRateRT'), ('Query','qryCalcRoomRateUnion'), ('Query','qryCalcTaxRate'), ('Query','qryCalcTaxRateFilter'), ('Query','qryCalcTaxRateFilterCrosstab'), ('Query','qryChooseRoomRateCrosstab'), ('Query','qryClothingTransactions'), ('Query','qryCurrentExchangeRate'), ('Query','qryDeleteDailySalesPayment'), ('Query','qryDeleteDailySalesTransaction'), ('Query','qryDeleteHousekeepingMaster'), ('Query','qryDeleteHousekeepingMasterRN'), ('Query','qryDeleteOccupancyMaster'), ('Query','qryDeleteOccupancyMasterRN'), ('Query','qryDeletePaymentMaster'), ('Query','qryDeletePaymentMasterRN'), ('Query','qryDeleteReservationMaster'), ('Query','qryDeleteReservationMasterRN'), ('Query','qryDeleteResGuest'), ('Query','qryDeleteResGuest2'), ('Query','qryDeleteResGuestMaster'), ('Query','qryDeleteResGuestMasterRN'), ('Query','qryDeleteShuttleMaster'), ('Query','qryDeleteShuttleMasterRN'), ('Query','qryDeleteTransactionMaster'), ('Query','qryDeleteTransactionMasterRN'), ('Query','qryFormChooseRoomRate'), ('Query','qryFormContactPhoneList'), ('Query','qryFormExchangeRate'), ('Query','qryFormGuest'), ('Query','qryFormInventory'), ('Query','qryFormMenu'), ('Query','qryFormOccupancy'), ('Query','qryFormOccupancyCrosstab'), ('Query','qryFormOccupancyCrosstab2'), ('Query','qryFormOccupancyFilter'), ('Query','qryFormOccupancyUnion'), ('Query','qryFormReservation'), ('Query','qryFormReservationNotes'), ('Query','qryFormReservationNotesArchive'), ('Query','qryFormReservationNotesUnion'), ('Query','qryFormRoom'), ('Query','qryFormSpeedGuest'), ('Query','qryFormSpeedKitchenMeal'), ('Query','qryFormSpeedPayment'), ('Query','qryFormSpeedReservation'), ('Query','qryFormSpeedReservationGuest'), ('Query','qryFormSpeedRoom'), ('Query','qryFormSpeedShuttle'), ('Query','qryFormTaxRate'), ('Query','qryGuestDuplicates'), ('Query','qryGuestInHouse'), ('Query','qryGuestInHouseChecked'), ('Query','qryGuestNotes'), ('Query','qryInventoryRate'), ('Query','qryInventoryRateCrosstab'), ('Query','qryInventoryTaxCrosstab'), ('Query','qryLookupGuest'), ('Query','qryLookupGuest2'), ('Query','qryLookupInventory'), ('Query','qryLookupInventoryShort'), ('Query','qryLookupOccupancy'), ('Query','qryLookupPaymentCategory'), ('Query','qryLookupReservation'), ('Query','qryLookupReservation2'), ('Query','qryLookupReservation3'), ('Query','qryLookupReservation4'), ('Query','qryLookupReservation5'), ('Query','qryLookupReservation6'), ('Query','qryLookupReservation7'), ('Query','qryLookupReservation8'), ('Query','qryLookupReservation9'), ('Query','qryLookupReservationGuest'), ('Query','qryLookupRoom'), ('Query','qryLookupTables'), ('Query','qryLookupUser'), ('Query','qryLookupVersion'), ('Query','qryMakeTableCalcTaxRateFilter'), ('Query','qryMakeTableCalcTaxRateFilter2'), ('Query','qryMakeTableChooseRoomRate'), ('Query','qryMakeTableChooseRoomRate2'), ('Query','qryMakeTableInventoryRate'), ('Query','qryMakeTableInventoryRate2'), ('Query','qryMakeTableInventoryTax'), ('Query','qryMakeTableInventoryTax2'), ('Query','qryMakeTableKitchenMealNew'), ('Query','qryOccupancyChecker'), ('Query','qryOccupancyNotEntered'), ('Query','qryOverdueDeposit'), ('Query','qryOverdueDeposit2'), ('Query','qryPayment100Newest'), ('Query','qryReportAccountsReceivable'), ('Query','qryReportCancellationSlip'), ('Query','qryReportCancellationSlipIndividual'), ('Query','qryReportCancelledReservation'), ('Query','qryReportCashierDetail'), ('Query','qryReportCheckInFolio'), ('Query','qryReportCheckOutBill'), ('Query','qryReportCheckOutBillIndividual'), ('Query','qryReportCheckOutBillSort'), ('Query','qryReportCheckOutBillSort2'), ('Query','qryReportCheckOutBillSort3'), ('Query','qryReportConfirmationSlip'), ('Query','qryReportConfirmationSlipIndividual'), ('Query','qryReportContactPhoneList'), ('Query','qryReportCreateTableMailout'), ('Query','qryReportCreateTableMailout2'), ('Query','qryReportDepositApplied'), ('Query','qryReportDepositAppliedByAppliedDate'), ('Query','qryReportDepositKept'), ('Query','qryReportDepositKeptByKeptDate'), ('Query','qryReportDepositReceived'), ('Query','qryReportDepositSummary'), ('Query','qryReportFolioSummary'), ('Query','qryReportHousekeepingList2'), ('Query','qryReportHousekeepingOccupancy'), ('Query','qryReportHousekeepingOccupancy2'), ('Query','qryReportHousekeepingOccupancy3'), ('Query','qryReportHousekeepingOccupancy4'), ('Query','qryReportInHouseNEW'), ('Query','qryReportInHouseOccupancy'), ('Query','qryReportInHouseOccupancy2'), ('Query','qryReportItemCashedOut'), ('Query','qryReportKitchen'), ('Query','qryReportKitchenMealOccupancy'), ('Query','qryReportKitchenMealOccupancy2'), ('Query','qryReportKitchenMealOccupancy3'), ('Query','qryReportMailoutDistinct'), ('Query','qryReportManualSalesList'), ('Query','qryReportPrepayment'), ('Query','qryReportReservationNotes'), ('Query','qryReportVehicleOnsite'), ('Query','qryReportVehicleOnsite2'), ('Query','qryReservationDuplicates'), ('Query','qryRestoreReservation'), ('Query','qryRoomSortOrder'), ('Query','qrySubformClientLogo'), ('Query','qrySubformGuestHousekeeping'), ('Query','qrySubformGuestMeals'), ('Query','qrySubformGuestOccupancy'), ('Query','qrySubformGuestPayment'), ('Query','qrySubformGuestReservation'), ('Query','qrySubformGuestReservationNumber'), ('Query','qrySubformGuestShuttle'), ('Query','qrySubformGuestTransaction'), ('Query','qrySubformMenuUpdateLog'), ('Query','qrySubformReservationGuestName'), ('Query','qrySubformReservationGuestNotes'), ('Query','qrySubformReservationHousekeeping'), ('Query','qrySubformReservationMeals'), ('Query','qrySubformReservationOccupancy'), ('Query','qrySubformReservationPayment'), ('Query','qrySubformReservationResGuest'), ('Query','qrySubformReservationShuttle'), ('Query','qrySubformReservationTransaction'), ('Query','qrySubformRoomRate'), ('Query','qrySubreportAddressFooter'), ('Query','qrySubreportCancellationSlipKitchenDiet'), ('Query','qrySubreportCancellationSlipOccupancy'), ('Query','qrySubreportCancellationSlipPayment'), ('Query','qrySubreportCheckInFolioHousekeeping'), ('Query','qrySubreportCheckInFolioKitchenDiet'), ('Query','qrySubreportCheckInFolioOccupancy'), ('Query','qrySubreportCheckInFolioPayment'), ('Query','qrySubreportCheckOutBillPayment'), ('Query','qrySubreportCheckOutBillTransaction'), ('Query','qrySubreportConfirmationSlipHousekeeping'), ('Query','qrySubreportConfirmationSlipKitchenDiet'), ('Query','qrySubreportConfirmationSlipOccupancy'), ('Query','qrySubreportConfirmationSlipPayment'), ('Query','qrySubreportDailyCashReceivedCash'), ('Query','qrySubreportDailyCashReceivedCash2'), ('Query','qrySubreportDailyCashReceivedCashGroup'), ('Query','qrySubreportDailyCashReceivedCashGroupNeg'), ('Query','qrySubreportDailyCashReceivedCashGroupNeg2'), ('Query','qrySubreportDailyCashReceivedCashNeg'), ('Query','qrySubreportDailyCashReceivedCashNeg2'), ('Query','qrySubreportDailyCashReceivedCashUnion'), ('Query','qrySubreportDailyCashReceivedCashUnionNeg'), ('Query','qrySubreportDailyCashReceivedCashZero'), ('Query','qrySubreportDailyCashReceivedCashZeroNeg'), ('Query','qrySubreportDailyCashSalesCharges'), ('Query','qrySubreportDailyCashTaxes'), ('Query','qrySubreportDailyCashType'), ('Query','qrySubreportDailyCashType2'), ('Query','qrySubreportDailyCashTypeGroup'), ('Query','qrySubreportDailyCashTypeNeg'), ('Query','qrySubreportDailyCashTypeUnion'), ('Query','qrySubreportDailyCashTypeZero'), ('Query','qrySubreportHousekeepingNotes'), ('Query','qrySubreportKitchenMealNotes'), ('Query','qrySubreportManualSalesListRoom'), ('Query','qrySurname2'), ('Query','qryTransactionSearch'), ('Query','qryTransactionSearch Query'), ('Query','qryUpdateArchiveReservation'), ('Query','qryUpdateCalcTaxRateFilter2'), ('Query','qryUpdateCC'), ('Query','qryUpdateCCArchive'), ('Query','qryUpdateCheckInOut'), ('Query','qryUpdateChooseRoomRate2'), ('Query','qryUpdateChooseRoomRate2_FirstOfRoomRate'), ('Query','qryUpdateChooseRoomRate2_FirstOfRoomRate_Guest'), ('Query','qryUpdateChooseRoomRate2_FirstOfRoomRateInv'), ('Query','qryUpdateChooseRoomRate2_FirstOfRoomRateInv_Guest'), ('Query','qryUpdateChooseRoomRate2_TaxRates'), ('Query','qryUpdateChooseRoomRate3'), ('Query','qryUpdateDMT'), ('Query','qryUpdateDMTAmount'), ('Query','qryUpdateGST'), ('Query','qryUpdateGSTAmount'), ('Query','qryUpdateGuestID1'), ('Query','qryUpdateGuestID2'), ('Query','qryUpdateGuestID3'), ('Query','qryUpdateHST'), ('Query','qryUpdateHSTAmount'), ('Query','qryUpdateHT'), ('Query','qryUpdateHTAmount'), ('Query','qryUpdateInventoryRate'), ('Query','qryUpdateInventoryRate2_TaxRatesDMT'), ('Query','qryUpdateInventoryRate2_TaxRatesGST'), ('Query','qryUpdateInventoryRate2_TaxRatesHST'), ('Query','qryUpdateInventoryRate2_TaxRatesHT'), ('Query','qryUpdateInventoryRate2_TaxRatesLT'), ('Query','qryUpdateInventoryRate2_TaxRatesPST'), ('Query','qryUpdateInventoryRate2_TaxRatesRT'), ('Query','qryUpdateInventoryTax2'), ('Query','qryUpdateLT'), ('Query','qryUpdateLTAmount'), ('Query','qryUpdatePaymentAmountCdn'), ('Query','qryUpdatePaymentAmountCdn2'), ('Query','qryUpdatePaymentToNegative'), ('Query','qryUpdatePaymentToPositive'), ('Query','qryUpdatePaymentUnknown'), ('Query','qryUpdatePST'), ('Query','qryUpdatePSTAmount'), ('Query','qryUpdateQuantity'), ('Query','qryUpdateQuantity2'), ('Query','qryUpdateQuantityGuest'), ('Query','qryUpdateQuantityInventory'), ('Query','qryUpdateQuantityInventoryGuest'), ('Query','qryUpdateQuantityRoom'), ('Query','qryUpdateQuantityRoomGuest'), ('Query','qryUpdateReservationDates'), ('Query','qryUpdateReservationGuestDates'), ('Query','qryUpdateReservationID'), ('Query','qryUpdateReservationNights');

-- ---- tblApplicationRegistration -> ypl.application_registration ----
INSERT INTO "ypl"."application_registration" ("registrationid", "licensedtofirstname", "licensedtolastname", "companyname", "companyunit", "companyaddress1", "companyaddress2", "companycity", "companyregion", "companypostalcode", "companyzipcode", "companyphone", "companyfax", "companyemail", "companywebsite", "companylogo", "companylogobw") VALUES (1,'Richard','Hill','Yellow Point Lodge',NULL,'3700 Yellow Point Road',NULL,'Ladysmith','BC','V9G 1E8',NULL,'(250) 245-7422','(250) 245-1234','ypl@shaw.ca','#http://www.yellowpointlodge.com/#','',NULL);

-- ---- tblApplicationSpecification -> ypl.application_specifications ----
INSERT INTO "ypl"."application_specifications" ("specid", "applicationname", "purpose", "budget", "authorizedby", "projectmanager", "network", "networkadministrator", "totalusers", "numberinstalls", "accessversion", "targetstartdate", "targetcompletiondate", "trainingrequired", "documentationrequired", "userguide", "databasepassword", "encrypt", "useraccounts", "groupaccounts", "betatesting", "backupprocedure") VALUES (1,'YPLogic','Hotel front desk database',NULL,'Richard Hill','TM NewMedia',TRUE,NULL,4,1,'2007','2009-08-10 00:00:00','2009-09-11 00:00:00',TRUE,FALSE,FALSE,TRUE,FALSE,FALSE,FALSE,TRUE,NULL);

-- ---- tblApplicationVersion -> ypl.application_versions ----
INSERT INTO "ypl"."application_versions" ("versionid", "versionnumber", "datechanged", "requestedby", "authorizedby", "timeestimate", "timeactual", "changes") VALUES (1,'1.1','2009-08-11 00:00:00','Tim Mock','Richard Hill',NULL,NULL,'Initial build'), (2,'3.7','2019-12-12 00:00:00',NULL,NULL,NULL,NULL,'1. Revised Housekeeping Report to have custom sort order (as per Hilary)
2. On Main Menu, Archive tab, added Archive Comments field
3. Archived all Reservations thru 12/2017
4. On Main Menu, added Update Log
5. On Main Menu, Queries tab, removed buttons for several queries
6. On Main Menu, Reports tab, removed buttons for Vehicles on Site, and Housekeeping List reports
7. On Reservation Form, removed Shuttle tab
8. On Main Menu, Forms tab, removed Contact Phone List button
9. On Main Menu, on hidden Admin tab, added a button to auto-append new room rates from Excel spreadsheet
10.  Confirmation Slip revised to show Rooms in order they were occupied (requires Occupancy In and Occupancy Out to be completed in Occupancy tab of Reservation Form)
11. Check In Folio revised to show Rooms in order they are about to be occupied'), (3,'3.8','2020-02-12 00:00:00',NULL,NULL,NULL,NULL,'1.  Revised Queries tab to add password-protected Queries buttons for Kris and Jess.'), (4,'3.9','2020-06-30 00:00:00','Richard','Richard','1899-12-30 01:00:00',NULL,'1.  Add COVID section to Check In Folio.'), (5,'3.9.1','2021-06-11 00:00:00',NULL,NULL,NULL,NULL,'1.  Credit Card fields removed from Payment tab in Reservation and Guest forms.
2.   Clear Credit Card data from Main and Archive databases - queries added to Query tab.'), (6,'C4','2023-10-05 00:00:00',NULL,NULL,NULL,NULL,'This is the CURRENT database.

The ARCHIVE database is a separate database.

All reservations prior to July 2022 have been archived.

A number of changes have been made to the database to accommodate 6-digit Reservation Numbers.'), (7,'C5','2024-02-24 00:00:00',NULL,NULL,NULL,NULL,'This is the CURRENT database.

The ARCHIVE database is a separate database.

On Feb 23, 2024, the existing data in the CURRENT database was merged with data from a BACKUP database in an attempt to build a complete data set.  We won''t know for several months how successful this effort has been, therefore please CEASE transferring data between the CURRENT database and the ARCHIVE database until further notice.  Prior to the next time we do a full archiving of data, we''ll have to do some forensic work to ensure the archiving process is working properly.'), (8,'C6','2024-05-15 00:00:00',NULL,NULL,NULL,NULL,'This is the CURRENT database.

The ARCHIVE database is a separate database.

On May 16, 2024, the "Clear Daily Sales/Rate Quoter accounts" query was repaired.  Also, the COVID statement and checkbox was removed from the Check In Folio.'), (9,'C7','2024-11-29 00:00:00',NULL,NULL,NULL,NULL,'This is the CURRENT database.

The ARCHIVE database is a separate database.

On Nov 29, 2024, the db was updated to handle the tax holiday from Dec 14, 2024 to Feb 15, 2025.  The "Clear Daily Sales" query was also updated.'), (10,'C8','2025-05-14 00:00:00',NULL,NULL,NULL,NULL,'This is the CURRENT database.

The ARCHIVE database is a separate database.

On the Main Menu > Queries tab - there is a new query to check if any reservations have been auto-updating their dates without your knowledge.

A number of Reservation forms and subforms feature revised functionality including, but not limited to...
 - On the Reservation Form, the Arrival Date and Departure Date fields are locked.  There is a new command button next to these two fields which allows you to unlock those fields, if necessary.
 - Dynamic labels next to those two fields inform the user whether or not those fields are locked.
 - When the New Res button is clicked, the Arrival Date and Departure Date fields are automatically unlocked, and those fields will self-populate with the date 01/01/1999 (which the user will change, of course).
- The Date field in the Transactions tab of the Reservation Form and the Guest Form no longer self-populates.

The Clear Daily Sales query is repaired and fully functional.');

-- ---- tblLookupCity -> ypl.lookup_cities ----
INSERT INTO "ypl"."lookup_cities" ("city") VALUES ('1 E. PORT SYDNEY'), ('100 MILE HOUSE'), ('108 MILE RANCH'), ('1123 HT AMSTELVEN'), ('1430 As'), ('150 MILE HOUSE'), ('ABBOTSFORD'), ('ABERDEEN'), ('AGASSIZ'), ('AINSWORTH HOT SPRINGS'), ('AIRDRIE'), ('ALBANY'), ('ALDERGROVE'), ('ALERT BAY'), ('ALEXANDRA HILLS'), ('ALEXANDRIA'), ('ALLYN'), ('ALTONA'), ('AMBOY'), ('AMITY'), ('AMSTERDAM'), ('ANACORTES'), ('ANMORE'), ('ANNAPOLIS ROYAL'), ('ANOLA'), ('ANTIGONISH'), ('ARDOSSAN'), ('ARICHAT'), ('ARMSTRONG'), ('ASHCROFT'), ('ASHLAND'), ('ASTORIA'), ('ATHABASCA'), ('AUBURN'), ('AUMSVILLE'), ('AUSTIN'), ('BAINBRIDGE ISLAND'), ('BAKERSFIELD'), ('BALDWIN'), ('BAMFEILD'), ('BANCROFT'), ('BANDON'), ('BANFF'), ('BARRHEAD'), ('BARRIE'), ('BARRIERE'), ('BASSANO'), ('BATON ROUGE'), ('BATTLE CREEK'), ('BEACONSFIELD'), ('BEAVERTON'), ('BEDFORD'), ('BELAIRE'), ('BELCARRA'), ('BELFAIR'), ('BELLA COOLA'), ('BELLEVILLE'), ('BELLEVUE'), ('BELLINGHAM'), ('BELLVUE'), ('BELMONT'), ('BEND'), ('BENTON CITY'), ('BERKELEY'), ('BERKLEY'), ('BERLIN'), ('BERWICK'), ('BETHESDA'), ('BLACK CREEK'), ('BLACKSTOCK'), ('BLAINE'), ('BLINDBAY'), ('BLUFFTON'), ('BOBCAYGEON'), ('BOISE'), ('BONNIE LAKE'), ('BOTHEL'), ('BOTHELL'), ('BOULDER'), ('BOW'), ('BOWAN ISLAND'), ('BOWEN ISLAND'), ('BOWSER'), ('BRACEBRIDGE'), ('BRACKENDALE'), ('BRAMPTON'), ('BREMERTON'), ('BRENTWOOD BAY'), ('BRITTANIA BEACH'), ('BROCKENHURST'), ('BROOKLYN'), ('BROOKS'), ('BROSSARD'), ('BRUNO'), ('BRUNSWICK'), ('BUFFALO'), ('BURBANK'), ('BURIEN'), ('BURLINGTON'), ('BURNABY'), ('BURNS LAKE'), ('BURNSVILLE'), ('CALEDON VILLAGE'), ('CALGARY'), ('CAMAINO ISLAND'), ('CAMANO ISLAND'), ('CAMAS'), ('CAMBRIDGE'), ('CAMIS'), ('CAMP HILL'), ('CAMPBELL RIVER'), ('CANAL FLATS'), ('CANMORE'), ('CANOE'), ('CANTLEY'), ('CANYON COUNTRY'), ('CARDSTON'), ('CARLSBAD'), ('CARMEL'), ('CARMEL VALLEY'), ('CARNATION'), ('CARVEL'), ('CARY'), ('CASSIDY'), ('CASTLEGAR'), ('CATONSVILLE'), ('CEDAR'), ('CELISTA'), ('CHARLOTTETOWN'), ('CHASE'), ('CHEMAINUS'), ('CHERRYVILLE'), ('CHESTER'), ('CHESTERVILLE'), ('CHETWYND'), ('CHEVY CHASE'), ('CHICAGO'), ('CHICO'), ('CHILLIWACK'), ('CHOCOWINITY'), ('CLAIREMONT'), ('CLAIRMONT'), ('CLAREMONT'), ('CLARKSTON'), ('CLEARWATER'), ('CLEVELAND HEIGHTS'), ('CLINTON'), ('CLOVERDALE'), ('COBBLE HILL'), ('COBOURG'), ('COCHRANE'), ('COLD LAKE'), ('COLDALE'), ('COLDSTREAM'), ('COLLINGWOOD'), ('COLUMBIA FALLS'), ('COMOX'), ('CONCORD'), ('CONWAY'), ('COOMBS'), ('COQUITLAM'), ('CORK'), ('CORNA DEL MAR'), ('CORONA DEL MAR'), ('CORTES ISLAND'), ('CORVALLIS'), ('COSTA MESA'), ('COTO DE CAZA'), ('COTTONWOOD HEIGHTS'), ('COULTIS LAKE'), ('COUPEVILLE'), ('COURBURG'), ('COURTENAY'), ('COWICHAN BAY'), ('CRANBROOK'), ('CRAWFORD BAY'), ('CRESCENT BEACH'), ('CRESTON'), ('CROFTON'), ('CUMBERLAND'), ('CUSTER'), ('DARTMOUTH'), ('DAVIS BAY'), ('DAWSON CREEK'), ('DECATUR ISLAND'), ('DEEP RIVER'), ('DELHOUSIE'), ('DELTA'), ('DENMAN ISLAND'), ('DENVER'), ('DEROCHE'), ('DES MOINES'), ('DEVON'), ('DIAMOND VALLEY'), ('DIDSBURY'), ('DORVAL'), ('DRAYTON'), ('DRAYTON VALLEY'), ('DRUMHELLER'), ('DRUMMONDVILLE'), ('DUBLIN'), ('DUNCAN'), ('DUNDAS'), ('DUVALL'), ('EAGLE POINT'), ('EAST SOUND'), ('EAST ST PAUL'), ('EDGEWATER'), ('EDGEWOOD'), ('EDMONDS'), ('EDMONTON'), ('EGMONT'), ('EINDHOVEN'), ('ELGINBUG'), ('ELK GROVE'), ('ELK PT'), ('ELKFORD'), ('ELKHART LAKE'), ('ELLEVILLE'), ('ELMHURST'), ('ELORA'), ('ENCINITAS'), ('ENDAKO'), ('ENDERBY'), ('ENTRANCE ISLAND'), ('ERRINGTON'), ('ESQUIMALT'), ('ESTEVAN'), ('ETOBICOKE'), ('EUGENE'), ('EVERETT'), ('EVERSON'), ('FALL CITY'), ('FANNY BAY'), ('FAYETTEVILLE'), ('FEDERAL WAY'), ('FERNDALE'), ('FERNIE'), ('FIRCREST'), ('FOOTHILLS COUNTY'), ('FORREST GROVE'), ('FORT LANGLEY'), ('FORT LAUDERDALE'), ('FORT MCMURRAY'), ('FORT NELSON'), ('FORT ST JAMES'), ('FORT ST JOHN'), ('FORT VERMILION'), ('FOSTER'), ('FRASER LAKE'), ('FREDRICTON'), ('FRIDAY HARBOR'), ('FRIENDSWOOD'), ('FRUITVALE'), ('FULFORD HARBOUR'), ('GABRIOLA ISLAND'), ('GALIANO ISLAND'), ('GAMBIER ISLAND'), ('GARDEN BAY'), ('GARDEN CITY'), ('GARIBALDI HIGHLANDS'), ('GENEVA'), ('GEORGETOWN'), ('GIBSONS'), ('GIG HARBOUR'), ('GILLIES BAY'), ('GLADSTONE'), ('GLEN VIEW'), ('GLENBROOK'), ('GLENBUSH'), ('GLENWOOD'), ('GOLD RIVER'), ('GOLDEN'), ('GOSSIP ISLAND'), ('GOULBURN'), ('GRAND BEND'), ('GRAND FORKS'), ('GRAND JUNCTION'), ('GRAND PRAIRIE'), ('GRANDE DIGUE'), ('GRANDE PRAIRIE'), ('GRANISLE'), ('GRANTS PASS'), ('GREEN VALLEY'), ('GREENBANK'), ('GREENWOOD'), ('GRESHAM'), ('GRIMSBY'), ('GRODERICH'), ('GUELPH'), ('HALFMOON BAY'), ('HALIFAX'), ('HALLS CREEK'), ('HAMILTON'), ('HAMMOND'), ('HANSVILLE'), ('HANTSPORT'), ('HAPPY VALLEY'), ('HARBERTON'), ('HARBERTON, TOTNES,DEVON'), ('HARRIOT BAY'), ('HARRISON HOT SPRINGS'), ('HARROGATE'), ('HARVARD'), ('HARVIE HEIGHTS'), ('HATFIELD'), ('HAY ON WYE'), ('HAZELTON'), ('HEALDSBURG'), ('HEIDELBERG'), ('HERIOT BAY'), ('HERMISTON'), ('HIGH RIVER'), ('HONEYMOON BAY'), ('HONOLULU'), ('HOOD RIVER'), ('HOPE'), ('HORNBY ISLAND'), ('HOUSTON'), ('HUDSON'), ('HUDSON''S HOPE'), ('HUNTERVILLE'), ('HUNTINGTON BEACH'), ('INDIAN WELLS'), ('INDIO'), ('INVERMERE'), ('IQALUIT'), ('IQUALUIT'), ('IRVINE'), ('ISAQUAH'), ('ISSAQUAH'), ('IVRY SUR LE LAC'), ('JASPER'), ('JEFFERSONVILLE'), ('JOHN D''OR PRAIRIE'), ('JOSHUA TREE'), ('KAILUA'), ('KALAMA'), ('KALEDEN'), ('KAMLOOPS'), ('KASLO'), ('KELOWNA'), ('KELSO'), ('KENMORE'), ('KENT'), ('KEREMEOS'), ('KESWICK'), ('KETCHIKAN'), ('KILA'), ('KILLAM'), ('KIMBERLEY'), ('KINGSBRIDGE DEVON'), ('KINGSTON'), ('KIPLING'), ('KIRKLAND'), ('KITCHENER'), ('KITIMAT'), ('KNOWLTON'), ('KNOXVILLE'), ('KNUTSFORD'), ('KPS LONGBRANCH'), ('KUNTSFORD'), ('LA CONNER'), ('LAC LA BICHE'), ('LAC LA HACHE'), ('LACEY'), ('LADNER'), ('LADYSMITH'), ('LAHAINA'), ('LAKE COUNTRY'), ('LAKE COWICHAN'), ('LAKE FOREST PARK'), ('LAKE OSWEGO'), ('LAKE STEVENS'), ('LAKEBAY'), ('LAKEPORT'), ('LAKEWOOD'), ('LANGDON'), ('LANGFORD'), ('LANGLEY'), ('LANTZVILLE'), ('LAS CRUCES'), ('LAS VEGAS'), ('LASQUETI ISLAND'), ('LEAVENWORTH'), ('LEAWOOD'), ('LEDUC'), ('LEDUC COUNTY'), ('LENINGTON'), ('LETHBRIDGE'), ('LHALETOWN'), ('LILLOOET'), ('LINCOLN'), ('LIONS BAY'), ('LLOYDMINSTER'), ('LODI'), ('LOGAN LAKE'), ('LONDON'), ('LONGMONT'), ('LONGVIEW'), ('LOOMIS'), ('LOON LAKE'), ('LOPEZ ISLAND'), ('LOS ALTOS'), ('LOS ANGELES'), ('LOS GATOS'), ('LOUIS CREEK'), ('lovettsville'), ('LUMBY'), ('LUMMI ISLAND'), ('LYMINGTON'), ('LYNDEN'), ('LYNDHURST'), ('LYNNWOOD'), ('LYNWOOD'), ('LYTTON'), ('MACKENZIE'), ('MADEIRA PARK'), ('MADINA'), ('MADISON'), ('MAINE ISLAND'), ('MALAHAT'), ('MALTA'), ('MANSONS LANDING'), ('MANSON''S LANDING'), ('MANZANITA'), ('MAPLE BAY'), ('MAPLE RIDGE'), ('MARA'), ('MARIPOSA'), ('MARTENSVILLE'), ('MARYSVILLE'), ('MARYVILLE'), ('MASON''S LANDING'), ('MASSET'), ('MAYNE'), ('MAYNE ISLAND'), ('MC MINNVILLE'), ('MCBRIDE'), ('MEDICINE HAT'), ('MEDINA'), ('MELVILLE'), ('MERCER ISLAND'), ('MERRICKVILLE'), ('MERRITT'), ('MERVILLE'), ('METCHOSIN'), ('MEXICO'), ('MEXICO CITY'), ('MIDWAY'), ('MILL BAY'), ('MILL CITY'), ('MILL CREEK'), ('MILL VALLEY'), ('MILLET'), ('MILTON'), ('MILWAUKIE'), ('MINESING'), ('MISSION'), ('MISSISSAUGA'), ('MISSOULA'), ('MONKTON'), ('MONMOUTH'), ('MONT NEBO'), ('MONTPELLIER'), ('MONTREAL'), ('MONTROSE'), ('MOOSE FACTORY'), ('MOOSE JAW'), ('MORDEN'), ('MORINVILLE'), ('MORRIN'), ('MORRO BAY'), ('MOUNT AIRY'), ('MOUNT LAKE TERRACE'), ('MOUNT PELLIER'), ('MOUNT VERNON'), ('MOUNTAIN VIEW'), ('MOUNTLAKE TERRACE'), ('MUKILTEO'), ('MUKILTIO'), ('MULNAR'), ('MUNICH'), ('MURRIETA'), ('N'), ('N S'), ('N. SUMMERLAND'), ('N.W.EDMONTON'), ('NAIROBI'), ('NAKUSP'), ('NANAIMO'), ('NANOOSE BAY'), ('NAPA'), ('NARAMATA'), ('NELSON'), ('NEVADA'), ('NEW BRUNSWICK'), ('NEW DENVER'), ('NEW HAZELTON'), ('NEW MARKET'), ('NEW PARK'), ('NEW WESTMINSTER'), ('NEW YORK'), ('NEWBERG'), ('NEWCASTLE'), ('NEWPARK'), ('NIAGRA-ON THE LAKE'), ('NILL VALLEY'), ('NORMANDY PARK'), ('NORTH BAY'), ('NORTH BEND'), ('NORTH BURNABY'), ('NORTH COWICHAN'), ('NORTH DELTA'), ('NORTH SAANICH'), ('NORTH SAANICHTON'), ('NORTH VANCOUVER'), ('NORTH YORK'), ('NORTHVILLE'), ('NOTTINGHAM'), ('NW STANWOOD'), ('NW VANCOUVER'), ('OAK BAY'), ('OAK HARBOR'), ('OAKLAND'), ('OAKVILLE'), ('OCEAN SHORES'), ('ODESSA'), ('OKANAGAN CENTRE'), ('OKANAGAN FALLS'), ('OKOTOKS'), ('OLATHE'), ('OLDS'), ('OLGA'), ('OLIVER'), ('OLIVER GROVE'), ('OLYMPIA'), ('OLYMPIC VALLEY'), ('OMPAH'), ('ORANGE'), ('OREGON CITY'), ('ORO-MEDANTE'), ('ORO-MEDONTE'), ('OSOYOOS'), ('OSWEGO'), ('OTIS'), ('OTTAWA'), ('OVERLAND PARK'), ('OWEN SOUND'), ('PACIFIC PALISADES'), ('PALM'), ('PALM CITY'), ('PALM SPRINGS'), ('PALO ALTO'), ('PANOKA'), ('PARIS'), ('PARKLAND COUNTRY'), ('PARKSVILLE'), ('PEACHLAND'), ('PEMBERTON'), ('PENDER ISLAND'), ('PENTICTON'), ('PERTH'), ('PETERBOROUGH'), ('PETERSFIELD'), ('PHILOMATH'), ('PHOENIX'), ('PIONEER'), ('PITT MEADOWS'), ('POLLOCK PINES'), ('PORCUPINE PLAIN'), ('PORT ALBERNI'), ('PORT ALICE'), ('PORT ANGELES'), ('PORT CLEMENTS'), ('PORT CLINTON'), ('PORT COQUITLAM'), ('PORT EDWARD'), ('PORT HADLOCK'), ('PORT HARDY'), ('PORT LUDLOW'), ('PORT MCNEILL'), ('PORT MOODY'), ('PORT ORCHARD'), ('PORT TOWNSEND'), ('PORTAGE LA PRAIRE'), ('PORTLAND'), ('POUCE COUPE'), ('POULSBO'), ('POWELL RIVER'), ('PRESCOTT'), ('PRIDDIS'), ('PRINCE ALBERT'), ('PRINCE GEORGE'), ('PRINCE RUPERT'), ('PRINCETON'), ('PROCTER'), ('PUYALLUP'), ('QUADRA ISLAND'), ('QUALICUM BEACH'), ('quathiaska cove'), ('QUATHIASKI COVE'), ('QUATSINO'), ('QUEBEC'), ('QUEBEC CITY'), ('QUEEN CHARLOTTE'), ('QUESNEL'), ('QUYON'), ('RADIUM HOT SPRINGS'), ('RED DEER'), ('REDHILL'), ('REDMAN'), ('REDMOND'), ('REDWOOD CITY'), ('REDWOOD MEADOWS'), ('REGINA'), ('RENTON'), ('REVELSTOKE'), ('RICE'), ('RICHFIELD'), ('RICHMOND'), ('RICHMOND HILL'), ('RIVER FALLS'), ('RIVERSIDE'), ('ROBERTS CREEK'), ('ROCKLIN'), ('ROCKWELL'), ('ROME'), ('ROSEDALE'), ('ROSSLAND'), ('ROSSMOOR'), ('ROYSTON'), ('RPO ROYAL OAK'), ('S'), ('S.W. CALGARY'), ('SAANICH'), ('SAANICHTON'), ('SACRAMENTO'), ('SALEM'), ('SALMO'), ('SALMON ARM'), ('SALTSPRING ISLAND'), ('SAMMAMISH'), ('SAN DIEGO'), ('SAN FRANCISCO'), ('SAN JOSE'), ('SAN MARTIN'), ('SANDPOINT'), ('SANDY'), ('SANNANISH'), ('SANPOINT'), ('SANTA BARBARA'), ('SANTA FE'), ('SANTA ROSA'), ('SARATOGA'), ('SASKATOON'), ('SATURNA ISLAND'), ('SAULT STE MARIE'), ('SAUSILLITO'), ('SAYWARD'), ('SEA CLIFF'), ('SEACHELT'), ('SEAHURST'), ('SEATTLE'), ('SEAVIEW'), ('SEBASTOPOL'), ('SECHELT'), ('SEDRO WOOLLEY'), ('SEQUIM'), ('SEQUYM'), ('SHAWNAGAN'), ('SHAWNIGAN LAKE'), ('SHELTON'), ('SHERBROOK'), ('SHERWOOD PARK'), ('SHINGLE SPRINGS'), ('SHORE PARK'), ('SHORELINE'), ('SICAMOUS'), ('SIDNEY'), ('SILOAM SPRINGS'), ('SILVERTON'), ('SLOCAN'), ('SMITHERS'), ('SNOHOMISH'), ('SNOQUALMIE'), ('SOINTULA'), ('SONOMA'), ('SOOKE'), ('SOUTH SURREY'), ('SPALLUMCHEEN'), ('SPARKS'), ('SPARWOOD'), ('SPOKANE'), ('SPRINGFIELD'), ('SPRINGVILLE'), ('SPRUCE GROVE'), ('SQUAMISH'), ('ST ALBERT'), ('ST CATHARINES'), ('ST DAVIDS'), ('ST JOHN'), ('ST JOHN''S'), ('ST PAUL'), ('ST.CATHERINES'), ('STANWOOD'), ('STEILACOOM'), ('STETTLER'), ('STEWART'), ('STILLWATER'), ('STIRLING'), ('STONY MOUNTAIN'), ('STRATFORD'), ('STRATHCONA'), ('STURGEON COUNTY'), ('SUDSBURY'), ('SUMMERHILL PARK'), ('SUMMERLAND'), ('SUMMERSIDE'), ('SUN CITY WEST'), ('SURPRIZE'), ('SURREY'), ('SWIFT CURRENT'), ('SYDENHAM'), ('SYDNEY'), ('SYLVAN LAKE'), ('TACOMA'), ('TAHSIS'), ('TALLAHASSEE'), ('TAMPA'), ('TAYLOR'), ('TELKWA'), ('TEMEKULA'), ('TEMPE'), ('TERRACE'), ('THETIS ISLAND'), ('THORNBURY'), ('THURSTON BURYST'), ('TIGARD'), ('TINY'), ('TISDALE'), ('TOFINO'), ('TORONTO'), ('TRAIL'), ('TRUCKEE'), ('TSAWWASSEN'), ('TUBAC'), ('TUCSON'), ('TUMBLER RIDGE'), ('TUMWATER'), ('TURNER VALLEY'), ('TUSCON'), ('UCLUELET'), ('UK'), ('UKIAH'), ('UNION'), ('UNION BAY'), ('UNIVERSITY PLACE'), ('Unknown'), ('UPPER TANTALLON'), ('UPPER TANTALONN'), ('UXBRIDGE'), ('VAL MARIE'), ('VALEMOUNT'), ('VALLEY VILLAGE'), ('VAN ANDA'), ('VANCOUVER'), ('VANDERHOOF'), ('VASHON ISLAND'), ('VENICE'), ('VENTURA'), ('VERMONT SOUTH'), ('VERNON'), ('VICTORIA'), ('WADDELL'), ('WALLA WALLA'), ('WALLAROO'), ('WALNUT CREEK'), ('WARNER SPRING'), ('WASAGA BEACH'), ('WASHINGTON'), ('WATERLOO'), ('WELLS'), ('WENTACHEE'), ('WEST KELOWNA'), ('WEST LINN'), ('WEST VANCOUVER'), ('WESTBANK'), ('WESTHOLME'), ('WESTLINN'), ('WESTLOCK'), ('WESTMOUNT'), ('WESTSHORE'), ('WESTSIDE'), ('WEYMOUTH'), ('WHALE TOWN'), ('WHALETOWN'), ('WHISTLER'), ('WHITBY'), ('WHITE HORSE'), ('WHITE ROCK'), ('WHITE SALMON'), ('WHITEHORSE'), ('WHITTIER'), ('WILLIAMS LAKE'), ('WILLIAMSBURG'), ('WILMETTE'), ('WILSONVILLE'), ('WINDSOR'), ('WINFIELD'), ('WINLAW'), ('WINNIPEG'), ('WOLFVILLE'), ('WOODINVILLE'), ('WOODLAND'), ('WOODSTOCK'), ('WORSLEY'), ('YAKIMA'), ('YALE'), ('YELLOWKNIFE'), ('YONKERS'), ('YOUBOU'), ('LAGUNA BEACH'), ('SANTA CRUZ'), ('KLAMAST'), ('KENTVILLE'), ('PIERS ISLAND'), ('TABER'), ('DISCOVERY BAY'), ('CARP'), ('STONEY PLAIN');

-- ---- tblLookupCountry -> ypl.lookup_countries ----
INSERT INTO "ypl"."lookup_countries" ("countrycode", "countryname") VALUES ('ABW','Aruba'), ('AFG','Afghanistan '), ('AFR','Africa'), ('AGO','Angola '), ('AIA','Anguilla '), ('ALB','Albania '), ('AND','Andorra '), ('ANT','Netherlands Antilles '), ('ARE','United Arab Emirates '), ('ARG','Argentina '), ('ARM','Armenia '), ('ASM','American Samoa '), ('ATG','Antigua and Barbuda '), ('AUS','Australia '), ('AUT','Austria '), ('AZE','Azerbaijan '), ('BDI','Burundi '), ('BEL','Belgium '), ('BEN','Benin '), ('BFA','Burkina Faso '), ('BGD','Bangladesh '), ('BGR','Bulgaria '), ('BHR','Bahrain '), ('BHS','Bahamas '), ('BIH','Bosnia and Herzegovina '), ('BLR','Belarus '), ('BLZ','Belize '), ('BMU','Bermuda '), ('BOL','Bolivia '), ('BRA','Brazil '), ('BRB','Barbados '), ('BRN','Brunei Darussalam '), ('BTN','Bhutan '), ('BWA','Botswana '), ('CAF','Central African Republic '), ('CAN','Canada '), ('CHE','Switzerland '), ('CHL','Chile '), ('CHN','China '), ('CIV','Cote d''Ivoire '), ('CMR','Cameroon '), ('COD','Democratic Republic of the Congo '), ('COG','Congo '), ('COK','Cook Islands '), ('COL','Colombia '), ('COM','Comoros '), ('CPV','Cape Verde '), ('CRI','Costa Rica '), ('CUB','Cuba '), ('CYM','Cayman Islands '), ('CYP','Cyprus '), ('CZE','Czech Republic '), ('DEU','Germany '), ('DJI','Djibouti '), ('DMA','Dominica '), ('DNK','Denmark '), ('DOM','Dominican Republic '), ('DZA','Algeria '), ('ECU','Ecuador '), ('EGY','Egypt '), ('ENG','ENGLAND'), ('ERI','Eritrea '), ('ESH','Western Sahara '), ('ESP','Spain '), ('EST','Estonia '), ('ETH','Ethiopia '), ('FIN','Finland '), ('FJI','Fiji '), ('FLK','Falkland Islands (Malvinas) '), ('FRA','France '), ('FRO','Faeroe Islands '), ('FSM','Micronesia, Federated States of '), ('GAB','Gabon '), ('GBR','United Kingdom '), ('GEO','Georgia '), ('GHA','Ghana '), ('GIB','Gibraltar '), ('GIN','Guinea '), ('GLP','Guadeloupe '), ('GMB','Gambia '), ('GMY','GERMANY'), ('GNB','Guinea-Bissau '), ('GNQ','Equatorial Guinea '), ('GRC','Greece '), ('GRD','Grenada '), ('GRL','Greenland '), ('GTM','Guatemala '), ('GUF','French Guiana '), ('GUM','Guam '), ('GUY','Guyana '), ('HKG','Hong Kong Special Administrative '), ('HND','Honduras '), ('HRV','Croatia '), ('HTI','Haiti '), ('HUN','Hungary '), ('IDN','Indonesia '), ('IND','India '), ('IRL','Ireland '), ('IRN','Iran (Islamic Republic of) '), ('IRQ','Iraq '), ('ISL','Iceland '), ('ISR','Israel '), ('ITA','Italy '), ('JAM','Jamaica '), ('JOR','Jordan '), ('JPN','Japan '), ('KAZ','Kazakhstan '), ('KEN','Kenya '), ('KGZ','Kyrgyzstan '), ('KHM','Cambodia '), ('KIR','Kiribati '), ('KNA','Saint Kitts and Nevis '), ('KOR','Republic of Korea '), ('KWT','Kuwait '), ('LAO','Lao People''s Democratic Republic '), ('LBN','Lebanon '), ('LBR','Liberia '), ('LBY','Libyan Arab Jamahiriya '), ('LCA','Saint Lucia '), ('LIE','Liechtenstein '), ('LKA','Sri Lanka '), ('LSO','Lesotho '), ('LTU','Lithuania '), ('LUX','Luxembourg '), ('LVA','Latvia '), ('MAR','Morocco '), ('MCO','Monaco '), ('MDA','Republic of Moldova '), ('MDG','Madagascar '), ('MDV','Maldives '), ('MEX','Mexico '), ('MHL','Marshall Islands '), ('MKD','The former Yugoslav Republic of Macedonia '), ('MLI','Mali '), ('MLT','Malta '), ('MMR','Myanmar '), ('MNG','Mongolia '), ('MNP','Northern Mariana Islands '), ('MOZ','Mozambique '), ('MRT','Mauritania '), ('MSR','Montserrat '), ('MTQ','Martinique '), ('MUS','Mauritius '), ('MWI','Malawi '), ('MYS','Malaysia '), ('NAM','Namibia '), ('NCL','New Caledonia '), ('NER','Niger '), ('NFK','Norfolk Island '), ('NGA','Nigeria '), ('NIC','Nicaragua '), ('NIU','Niue '), ('NLD','Netherlands '), ('NOR','Norway '), ('NPL','Nepal '), ('NRU','Nauru '), ('NZL','New Zealand '), ('OMN','Oman '), ('PAK','Pakistan '), ('PAN','Panama '), ('PCN','Pitcairn '), ('PER','Peru '), ('PHL','Philippines '), ('PLW','Palau '), ('PNG','Papua New Guinea '), ('POL','Poland '), ('PRI','Puerto Rico '), ('PRK','Democratic People''s Republic of Korea '), ('PRT','Portugal '), ('PRY','Paraguay '), ('PSE','Occupied Palestinian Territory '), ('PYF','French Polynesia '), ('QAT','Qatar '), ('REU','Réunion'), ('ROM','Romania '), ('RUS','Russian Federation '), ('RWA','Rwanda '), ('SAU','Saudi Arabia '), ('SDN','Sudan '), ('SEN','Senegal '), ('SGP','Singapore '), ('SHN','Saint Helena '), ('SJM','Svalbard and Jan Mayen Islands '), ('SLB','Solomon Islands '), ('SLE','Sierra Leone '), ('SLV','El Salvador '), ('SMR','San Marino '), ('SOM','Somalia '), ('SPM','Saint Pierre and Miquelon '), ('STP','Sao Tome and Principe '), ('SUI','SWITZERLAND'), ('SUR','Suriname '), ('SVK','Slovakia '), ('SVN','Slovenia '), ('SWE','Sweden '), ('SWZ','Swaziland '), ('SYC','Seychelles '), ('SYR','Syrian Arab Republic '), ('TCA','Turks and Caicos Islands '), ('TCD','Chad '), ('TGO','Togo '), ('THA','Thailand '), ('TJK','Tajikistan '), ('TKL','Tokelau '), ('TKM','Turkmenistan '), ('TMP','East Timor '), ('TON','Tonga '), ('TTO','Trinidad and Tobago '), ('TUN','Tunisia '), ('TUR','Turkey '), ('TUV','Tuvalu '), ('TWN','Taiwan Province of China '), ('TZA','United Republic of Tanzania '), ('UGA','Uganda '), ('UK','United Kingdom'), ('UKD','UNITED KINGDOM'), ('UKR','Ukraine '), ('URY','Uruguay '), ('USA','United States '), ('UZB','Uzbekistan '), ('VAT','Holy See '), ('VCT','Saint Vincent and the Grenadines '), ('VEN','Venezuela '), ('VGB','British Virgin Islands '), ('VIR','United States Virgin Islands '), ('VNM','Viet Nam '), ('VUT','Vanuatu '), ('WLF','Wallis and Futuna Islands '), ('WSM','Samoa '), ('YEM','Yemen '), ('YUG','Yugoslavia '), ('ZAF','South Africa '), ('ZMB','Zambia '), ('ZWE','Zimbabwe ');

-- ---- tblLookupGuestDiet -> ypl.lookup_guest_diets ----
INSERT INTO "ypl"."lookup_guest_diets" ("guestdiet") VALUES ('Celiac'), ('Deathly allergic to nuts'), ('Deathly allergic to shellfish'), ('No Dairy'), ('No red meat - Pork OK'), ('No red meat or pork'), ('No Seafood'), ('No special requirements'), ('Tailored Diet'), ('Vegetarian'), ('Vegetarian - Seafood OK');

-- ---- tblLookupInventoryCode -> ypl.lookup_inventory_codes ----
INSERT INTO "ypl"."lookup_inventory_codes" ("inventorycode", "inventorycodedescription") VALUES ('C01','Cash Purchases by YPL (-)'), ('C02 ','Cash Reimbursement'), ('D01 ','Donation by YPL (-)'), ('G01','Gift Certificate Purchased'), ('G02','Cancellation Fee'), ('G03','Transfer'), ('GC1','Gift Certificate'), ('L01','Canned Beer'), ('L02','Import Beer Heineken'), ('L03','Import Beer McEwans'), ('L04 ','Bottled Beer'), ('L05','Cider'), ('L06','Corona'), ('L07','Blasted Church Big Bang'), ('L08','Special Order'), ('L09 ','Jackson Triggs Sauvignon Blanc'), ('L10','Hardy''s Shiraz Cab Sauv.'), ('L11','Wolf Blass Yellow Label'), ('L12','Blue Grouse Pinot Gris'), ('L13 ','Villa Teresa Pinot Grigio'), ('L14','Stag''s Hollow Merlot Cab'), ('L15','Kettle Valley Semillion Sauv B'), ('L16','Columbia Crest Cab. Sauv. '), ('L17','Heartland Stickleback'), ('L18','Cedar Creek Cab. Merlot'), ('L19','Mad Dogs and Englishmen'), ('L20','Rosemont Estate Chardonay'), ('L21','Blasted Chruch Dam Flood'), ('L22','Tarapaca Sauv. Blanc'), ('L23','Cedar Creek Pinot Blanc'), ('L24','Cedar Creek Ehrenfelser'), ('L25','Quail''s Gate Gewurtzemeiner'), ('L26 ','Fetzer Zinfandel'), ('L27 ','Quail''s Gate Cab. Sauv. '), ('L28','Trivento Amado Svr'), ('L29','Yellow Tail Shiraz'), ('L30','House Wine - 1 L. '), ('L31','House Wine - ½  L. '), ('L32','House Wine - Glass'), ('L33','Port - Bottle'), ('L34','Port - Glass'), ('L35','Sherry - Bottle'), ('L36','Sherry - Glass'), ('L37','Henkel Troken'), ('L38','Banrock Sparkling Chardonay'), ('L39','Bailey''s  - 375 ml.'), ('L40','Bailey''s - Glass'), ('L41','Drambuie - 375 ml.'), ('L42','Drambuie - Glass'), ('L43','Grand Marnier - 200 ml.'), ('L44','Grand Marnier - Glass'), ('L45','Kahlua - 200 ml.'), ('L46','Kahlua - Glass'), ('L47','St. Remy - 375 ml.'), ('L48','St. Remy - Glass'), ('L49','Quails Gate Pinot Noir'), ('L50','Quails'' Gate Chenin Blanc'), ('L51','Burrowing Owl Merlot'), ('L52','Porter Dark Beer'), ('L53','Apple Pie Dessert Wine'), ('L54','Yellow Tail Bubbles'), ('L55','Bottle wine shared'), ('L56','J Lohr Seven Oaks Cab.Sauv'), ('L57',NULL), ('L58',' Burrowing Owl Sauv. Blanc'), ('L59','Longwood IPA'), ('L60','Longwood Framboise'), ('L61','Beaumont Trio'), ('L62','J.Lohr Chardonnay(375ml)'), ('L63','Skulls Chardonnay'), ('L64','Blue Grouse Ortega'), ('L65','Wild Goose Riesling'), ('L66','Orange Beve Vodka Cooler'), ('L67','7 Deadly Zins'), ('L68','Prosecco Organic Anna Spinato'), ('L69','Hey Y''Alll Hard Ice Tea'), ('L70','Blue Grouse Quilll Dry'), ('L71','Bailey''s 750ml.'), ('L72','Blue Grouse Quill Pinot Gris'), ('L73','Malbec-Norton Barrel Select'), ('L74','Bulmer Strongbow Cider'), ('L75','Smirnoff White Sangria'), ('L76','Mike''s Hard Lemonade'), ('L77','Kim Crawford Sauvignon Blanc'), ('L78','Lonetree apple cider'), ('L79','Innis & Gunn'), ('L80','Santa Julia Malbec'), ('L81','Nudes'), ('L82','Rodney Strong Chardonnay'), ('L83','Burrowing Owl Cab Sauvignon'), ('L84','Quails Gate Merlot'), ('L85','Dominic Black Label Shiraz'), ('L86','Wild Goose Autumn Gold'), ('L87','Wyndham Bin 555 Shiraz'), ('L88','Arrowsmith Low Pressure Porter'), ('L89','Mimosa'), ('L90','Stoneleigh Sauv Blanc'), ('L91','Sheringham Vodka'), ('L92','Krupnik Honey Liquer'), ('L93','Depth Charge Espesso Vodka'), ('L94','$43.48'), ('L95','Depth Carge Espreeo Vodka 2oz'), ('L96','Drunken Hive Honey Rum 2oz'), ('L97','Krupnik Honey Liqueur 2oz'), ('L98','Wall Flower Gin 2oz'), ('L99',NULL), ('M01','Extra Breakfast'), ('M02','Extra Lunch'), ('M03','Extra Dinner'), ('M04','Deducted Breakfast'), ('M05','Deducted Lunch'), ('M06','Deducted Dinner'), ('M07','Single Rate - Less Meal Deduct'), ('M08','Special Diet - Two People'), ('M09','Special Diet - One Person'), ('M10','Unclaimed Special Breakfast'), ('M11','Unclaimed Special Lunch'), ('M12','Unclaimed Special Dinner'), ('M13','Saturday Night Dinner'), ('M14','Saturday dinner'), ('P01','Long Distance Charge'), ('P02','Fax Charge'), ('P03','Postage Reimbursed'), ('S01','Sweatshirt - Grey'), ('S02','Sweatshirt - Natural'), ('S03','Sweatshirt - Black'), ('S04','Sweatshirt - Indigo'), ('S05','Tee Shirt - Iris'), ('S06','Tee Shirt - Black'), ('S07','Tee Shirt - Red'), ('S08','Tee Shirt - Yellow '), ('S09','Tee Shirt - Royal'), ('S10','Tee Shirt - Orange'), ('S11','Tee Shirt - Green'), ('S12','Tee Shirt - Lilac'), ('S13','Tee Shirt - Grey'), ('S14','Tee Shirt - Purple'), ('S15','Tee Shirt - Equation'), ('S16','Tee Shirt - Brochure'), ('S17','Tri Tee  White'), ('S18','Tri Tee  Black'), ('S19','Vest - Down'), ('S20','L/S Grey T'), ('S21','L/S Black T'), ('S22','Hoodie-Black'), ('S23','Hoodie - Olive'), ('S24','Hoodie - Brown'), ('S25','Cap'), ('S26','YPL Northend Fleece'), ('S27','Jacket - Coal Harbour'), ('S28','Jacket - Northend'), ('S29','Dining Room T - Shirt'), ('S30','L/S Ladies T - Brown'), ('S31','L/S Ladies T -Tan'), ('S32','T-shirt I Love YPL'), ('S33','University of YP Black T Shirt'), ('S34','Hoodies'), ('S35','Hoodies Grey'), ('S36','University of YP Navy T Shirt'), ('S37','Brown Sherpa Jacket'), ('S38','Triathlon T Shirt'), ('S40','Jacket-Ladies Navy'), ('S41','Ladies Sweater Fleece Jacket'), ('s42','Univ of YP T-Grey'), ('S43','Hoodie-Sapphire'), ('S44','Hoodie-Charcoal'), ('S45','T-Shirt - Blue'), ('S46','Tee V-Neck - White'), ('S47','Tee V-Neck-Black'), ('S48','Hoodie- Red'), ('S49','Tee V-Neck-Pink'), ('S50','Tee V-Neck -Burgundy'), ('S51','Tee V-Neck-Baby Blue'), ('S52','Tee V-Neck Diningroom'), ('S53','75th Blue T-Shirt'), ('S54','75th long sleeve shirt'), ('S55','75th black hoodie'), ('S56','75th navy sweatshirt'), ('S57','Tee V-Neck Smokey Grey'), ('S58','Tee V-Neck Lilac'), ('S59','Tee V-Neck Red'), ('S60','Tee V-Neck Royal Blue'), ('S61','LADIES BLUE STORMCHECK'), ('S62','Moonlight Blue Tee'), ('S63','CANSO zip hoodie'), ('S64','Flex Ball Cap'), ('S65','ATC hooded sweatshirt'), ('S66','YPL Plaid Shirt'), ('S67','L/S shirt black'), ('S69','Jackson Tee Grey'), ('S70',NULL), ('S71',NULL), ('s72','toque'), ('S73','tote bag'), ('S74','micro fleece blue'), ('S75','micro fleece maroon'), ('S76','shirts and clothing'), ('SH1','Shuttle One Way'), ('SH2','Shuttle Round Trip'), ('X01','Misc. '), ('X02','Sunscreen'), ('X03','Toothbrush'), ('X04','Toothpaste'), ('X05','Hair Brush'), ('X06','Shampoo'), ('X07','Notecard'), ('X08','Book - Custodian of Yellow Poi'), ('X09','Book - Baby Steve'), ('X10','Massage - 1 hour'), ('X11','Massage - 1½ hours'), ('X12','Perrier'), ('X13','Soft Drink'), ('X14','Feminine Product'), ('X15','Large Bottle Water'), ('X16','Large Soft Drink'), ('X17','Batteries'), ('X18','Bug Spray'), ('X19','Photocopy'), ('X20','Tampons'), ('X21','AAA batteries'), ('X22','Flashlight'), ('X23','Medium Bottle Water'), ('X24','Ultimate Pampering Pedi'), ('X25','Pedi & Mani'), ('X26','The Man Pedi'), ('X27','Reflex Massage'), ('X28','Beauty Products'), ('X29','Facial'), ('X30','Perrier 500ml'), ('X31','Memorial Chair'), ('X32','Memorial Bench'), ('X33',NULL), ('X34','PARTAKE'), ('X35','deoderant');

-- ---- tblLookupInventoryType -> ypl.lookup_inventory_types ----
INSERT INTO "ypl"."lookup_inventory_types" ("inventorytype") VALUES ('Beauty Services'), ('Beer and Cider'), ('Gift Certificate'), ('Liqueurs'), ('Miscellaneous'), ('Red Wine'), ('Regular Rate Accomodation'), ('Shirts and Clothing'), ('Shuttle'), ('Special Rate Accomodation'), ('Split Rate Accomodation'), ('Sundries'), ('White Wine');

-- ---- tblLookupPaymentCategory -> ypl.lookup_payment_categories ----
INSERT INTO "ypl"."lookup_payment_categories" ("paymentcategory", "paymentcode", "paymentcategoryorder") VALUES ('A/R (Payment Received)','AR2',9), ('A/R (Sent To Accounts)','AR1',26), ('Deposit (Applied)','D02',22), ('Deposit (Kept)','D04',23), ('Deposit (Received)','D01',1), ('Deposit (Refund)','D03',5), ('Donation','DN1',30), ('Gift Certificate Received','P02',24), ('Gratuity','G01',15), ('Paid Out','PC1',28), ('Payment (Regular)','P01',13), ('Prepayment (Applied)','PR2',20), ('Prepayment (Received)','PR1',3), ('Prepayment (Refund)','PR3',7), ('Reimbursed by Staff','RS1',11);

-- ---- tblLookupPaymentCode -> ypl.lookup_payment_codes ----
INSERT INTO "ypl"."lookup_payment_codes" ("paymentcode", "paymentcodedescription") VALUES ('AR1','A/R (Sent To Accts)'), ('AR2','A/R (Payment Rec''d)'), ('D01','Deposit (Rec''d)'), ('D02','Deposit (Applied)'), ('D03','Deposit (Refund)'), ('D04','Deposit (Kept)'), ('DN1','Donation'), ('G01','Gratuity'), ('P01','Payment (Regular)'), ('P02','Payment (Gift Cert)'), ('PC1','Petty Cash Payout'), ('PR1','Prepayment (Rec''d)'), ('PR2','Prepayment (Applied)'), ('PR3','Prepayment (Refund)'), ('RS1','Reimbursed by Staff');

-- ---- tblLookupPaymentType -> ypl.lookup_payment_types ----
INSERT INTO "ypl"."lookup_payment_types" ("paymenttype", "paymenttypeorder") VALUES ('Amex',5), ('Cash',9), ('Cheque',11), ('Debit Card',7), ('Gift Certificate',23), ('ICS Crossover',29), ('Mastercard',1), ('None (Sent to A/R)',25), ('Paid Out',27), ('Traveller''s Cheque',13), ('U.S. Cash',15), ('U.S. Cheque',17), ('U.S. Exchange',21), ('U.S. Traveller''s Cheque',19), ('Visa',3);

-- ---- tblLookupPhoneFaxType -> ypl.lookup_phone_fax_types ----
INSERT INTO "ypl"."lookup_phone_fax_types" ("phonefaxtype") VALUES ('cell'), ('Fax - Business'), ('Phone - Business'), ('Phone - Business Cell'), ('Phone - Company'), ('Phone - Emergency'), ('Phone - Home'), ('Phone - Mobile'), ('Phone - Other'), ('Phone - Personal Cell');

-- ---- tblLookupRegion -> ypl.lookup_regions ----
INSERT INTO "ypl"."lookup_regions" ("regioncode", "region", "country") VALUES ('AB','Alberta','Canada'), ('AC',NULL,NULL), ('AK','Alaska','United States of America'), ('AL','Alabama','United States of America'), ('AR','Arkansas','United States of America'), ('AS','American Samoa','United States of America'), ('AZ','Arizona','United States of America'), ('BC','British Columbia','Canada'), ('CA','California','United States of America'), ('CO','Colorado','United States of America'), ('CT','Connecticut','United States of America'), ('DC','District of Columbia','United States of America'), ('DE','Delaware','United States of America'), ('ED','EDMONDS','ENGLAND'), ('FL','Florida','United States of America'), ('FM','Micronesia','United States of America'), ('GA','Georgia','United States of America'), ('GU','Guam','United States of America'), ('HA','Hampshire','ENGLAND'), ('HI','Hawaii','United States of America'), ('IA','Iowa','United States of America'), ('ID','Idaho','United States of America'), ('IL','Illinois','United States of America'), ('IN','Indiana','United States of America'), ('KE','Kenya','Africa'), ('KS','Kansas','United States of America'), ('KY','Kentucky','United States of America'), ('LA','Louisiana','United States of America'), ('LI',NULL,NULL), ('MA','Massachusetts','United States of America'), ('MB','Manitoba','Canada'), ('MD','Maryland','United States of America'), ('ME','Maine','United States of America'), ('MH','Marshall Islands','United States of America'), ('MI','Michigan','United States of America'), ('MN','Minnesota','United States of America'), ('MO','Missouri','United States of America'), ('MP','North Mariana Islands','United States of America'), ('MS','Mississippi','United States of America'), ('MT','Montana','United States of America'), ('NB','New Brunswick','Canada'), ('NC','North Carolina','United States of America'), ('ND','North Dakota','United States of America'), ('NE','Nebraska','United States of America'), ('NF','Newfoundland','Canada'), ('NH','New Hampshire','United States of America'), ('NJ','New Jersey','United States of America'), ('NL','New Founland','Canada'), ('NM','New Mexico','United States of America'), ('NS','Nova Scotia','Canada'), ('NT','Northwest Territories','Canada'), ('NU','Nunavut','Canada'), ('NV','Nevada','United States of America'), ('NY','New York','United States of America'), ('OC','HERAULT','FRANCE'), ('OH','Ohio','United States of America'), ('OK','Oklahoma','United States of America'), ('ON','Ontario','Canada'), ('OR','Oregon','United States of America'), ('PA','Pennsylvania','United States of America'), ('PE','Prince Edward Island','Canada'), ('PR','Puerto Rico','United States of America'), ('PW','Palau','United States of America'), ('QC','Quebec','Canada'), ('QU','QUEENSLAND','AUSTRALIA'), ('RI','Rhode Island','United States of America'), ('SC','South Carolina','United States of America'), ('SD','South Dakota','United States of America'), ('SK','Saskatchewan','Canada'), ('TN','Tennessee','United States of America'), ('TX','Texas','United States of America'), ('UM','Minor Outlying Islands','United States of America'), ('UT','Utah','United States of America'), ('VA','Virginia','United States of America'), ('VI','Virgin Islands','United States of America'), ('VT','Vermont','United States of America'), ('WA','Washington','United States of America'), ('WI','Wisconsin','United States of America'), ('WV','West Virginia','United States of America'), ('WY','Wyoming','United States of America'), ('YT','Yukon Territory','Canada');

-- ---- tblLookupRoomRateCode -> ypl.lookup_room_rate_codes ----
INSERT INTO "ypl"."lookup_room_rate_codes" ("roomratecode", "roomratecodedescription") VALUES ('R01','Night for Two - Private Cottage'), ('R02','Night for Two - Lodge 4 - 9'), ('R03','Night for Two - White Beach 4 - 5'), ('R04','Night for Two - Lodge 1 - 3 '), ('R05','Night for Two - Three Oaks'), ('R06','Night for Two - Parsonage'), ('R07','Night for Two - Victoria Cottage'), ('R08','Night for Two - Boathouse'), ('R09','Night for Two - Rustic Beach Cabins'), ('R10','Night for Two - Field Cabins'), ('R11','Night for Two - Beach Barracks'), ('R12','Night for One - Private Cottages'), ('R13','Night for One - Lodge 4 - 9 '), ('R14','Night for One - White Beach 4 - 5'), ('R15','Night for One - Lodge 1 - 3'), ('R16','Night for One - Three Oaks'), ('R17','Night for One - Parsonage'), ('R18','Night for One - Victoria Cottage'), ('R19','Night for One - Boathouse'), ('R20','Night for One - Rustic Beach Cabins'), ('R21','Night for One - Field Cabins'), ('R22','Night for One - Beach Barracks'), ('R23','Night for Two - Off Season - Private Cabins'), ('R24','Night for Two - Off Season - Lodge 4 - 9 '), ('R25','Night for Two - Off Season - White Beach 4 - 5'), ('R26','Night for Two - Off Season - Lodge 1 - 3'), ('R27','Night for Two - Off Season - Three Oaks'), ('R28','Night for Two - Off Season - Parsonage'), ('R29','Night for Two - Off Season - Victoria'), ('R30','Night for Two - Off Season - Boathouse'), ('R31','Night for Two - Off Season - Rustic Beach'), ('R32','Night for Two - Off Season - Field Cabins'), ('R33','Night for Two - Off Season - Beach Barracks'), ('R34','Night for One - Off Season - Private Cabins'), ('R35','Night for One - Off Season - Lodge 4 - 9'), ('R36','Night for One - Off Season - Lodge 1 - 3'), ('R37','Night for One - Off Season - Three Oaks'), ('R38','Night for One - Off Season - Parsonage'), ('R39','Night for One - Off Season - Victoria'), ('R40','Night for One - Off Season - Boathouse'), ('R41','Night for One - Off Season - Rustic Beach'), ('R42','Night for One - Off Season - Field Cabins'), ('R43','Night for One - Off Season - Beach Barracks'), ('R44','Split Rate - Private Cottage'), ('R45','Split Rate - Lodge 4 - 9 '), ('R46','Split Rate - White Beach 4 - 5 '), ('R47','Split Rate - Lodge 1 - 3 '), ('R48','Split Rate - Three Oaks'), ('R49','Split Rate - Parsonage'), ('R50','Split Rate - Victoria'), ('R51','Split Rate - Boathouse'), ('R52','Split Rate - Rustic Beach Cabins'), ('R53','Split Rate - Field Cabins'), ('R54','Split Rate - Beach Barracks'), ('R55','Holiday Surcharge - One Person'), ('R56','Holiday Surcharge - Two People'), ('R57','Extra Person'), ('R58','F.O.Y.P. - A.G.M. '), ('R59','Staying on Boat '), ('R60','Penthouse Suite'), ('R61','Lodge Attic'), ('R62','Passed out on Lounge Couch'), ('R63','Split Rate - Off Season - Field Cabins'), ('R64','Split Rate - Off Season - Boathouse'), ('R65','Split Rate - Off Season - Rustic Beach Cabins'), ('R66','Split Rate - Off Season - Victoria'), ('R67','Split Rate - Off Season - Parsonage'), ('R68','Split Rate - Off Season - Three Oaks'), ('R69','Split Rate - Off Season - Lodge 1 - 3'), ('R70','Split Rate - Off Season - Lodge 4 - 9'), ('R71','Split Rate - Off Season - White Beach 4 - 5'), ('R72','Not in use'), ('R73','Split Rate - Off Season - Private Cottage'), ('R74','Split Rate - Off Season - Beach Barracks'), ('R75','Xmas single'), ('R76','Xmas double'), ('R77','Night for one-new cabin'), ('R78','Night for two-new cabin'), ('R79','Night for one-off season-new cabin'), ('R80','Night for two-off season-new cabin'), ('R81','Split Rate-new cabin'), ('R82','Split Rate-off season-new cabin');

-- ---- tblLookupRoomRateType -> ypl.lookup_room_rate_types ----
INSERT INTO "ypl"."lookup_room_rate_types" ("roomratetype") VALUES ('Regular'), ('Special'), ('Split');

-- ---- tblLookupRoomType -> ypl.lookup_room_types ----
INSERT INTO "ypl"."lookup_room_types" ("roomtype") VALUES ('Barracks'), ('Lodge Room'), ('New Cabin'), ('No Type'), ('Penthouse and Attic '), ('Private Cabin'), ('Rustic Cabin'), ('Shared Cabin');

-- ---- tblLookupSalutation -> ypl.lookup_salutations ----
INSERT INTO "ypl"."lookup_salutations" ("salutation") VALUES ('Dr.'), ('Miss'), ('Mr.'), ('Mrs.'), ('Ms.');

-- ---- tblLookupShuttleSite -> ypl.lookup_shuttle_sites ----
INSERT INTO "ypl"."lookup_shuttle_sites" ("shuttlesite", "shuttlesitedescription") VALUES ('DBF','Departure Bay Ferry'), ('Duke','Duke Point Ferry'), ('LBD','Ladysmith Bus'), ('LTS','Ladysmith Train'), ('Nair','Nanaimo Airport'), ('NBD','Nanaimo Bus'), ('NSBr','Nanaimo Seaplane-Brechin'), ('NSDT','Nanaimo Seaplane-DT'), ('NTS','Nanaimo Train'), ('Other','Other'), ('YPL','Yellow Point Lodge');

-- ---- tblLookupTaxRateType -> ypl.lookup_tax_rate_types ----
INSERT INTO "ypl"."lookup_tax_rate_types" ("taxratetype") VALUES ('DMT'), ('GST'), ('Hotel'), ('HST'), ('Liquor'), ('PST'), ('Room');

-- ---- tblLookupTransactionType -> ypl.lookup_transaction_types ----
INSERT INTO "ypl"."lookup_transaction_types" ("transactiontype", "transactiontypeorder") VALUES ('Beauty Services',10), ('Deducted Meal',7), ('Extra Meal',6), ('Gift Certificate',8), ('Hats/Shirts',4), ('Liquor',2), ('Misc.',9), ('Room',1), ('Shuttle Service',5), ('Sundries',3);

-- ---- tblLookupUser -> ypl.lookup_users ----
INSERT INTO "ypl"."lookup_users" ("userid", "userinitials", "userlastname", "userfirstname", "useriscurrent", "usernotes", "userarchive") VALUES (3,'JO','Olshanoski','Jessy',TRUE,NULL,FALSE), (4,'KL','Loucks','Kris',TRUE,NULL,FALSE), (5,'JE','Eaton','Judy',TRUE,NULL,FALSE), (9,'SH','Hill','Sandi',TRUE,NULL,FALSE), (15,'KI','Inglis','Kathy',TRUE,NULL,FALSE), (28,'KH','Hansen','Kim',FALSE,NULL,FALSE), (29,'CI','Ingdal','Carrie',TRUE,NULL,FALSE), (32,'NH','Hutzkal','Nicole',TRUE,NULL,FALSE), (36,'MC','Coward','Marlie',TRUE,NULL,FALSE), (33,'DO','Olshanoski','Danelle',TRUE,NULL,FALSE), (34,'MP','Petrie','Mandy',TRUE,NULL,FALSE);

-- ---- tblExchangeRate -> ypl.exchange_rates ----
INSERT INTO "ypl"."exchange_rates" ("exchangerateid", "exchangerate", "exchangeratestartdate", "exchangerateenddate", "exchangeratenotes", "exchangeratearchive") VALUES (1,1.2194,'2009-01-01 00:00:00','2009-01-01 00:00:00',NULL,FALSE), (2,1.2225,'2009-01-02 00:00:00','2009-01-02 00:00:00',NULL,FALSE), (3,1.2195,'2009-01-03 00:00:00','2009-01-03 00:00:00',NULL,FALSE), (4,1.2059,'2009-01-04 00:00:00','2009-01-04 00:00:00',NULL,FALSE), (5,1.2059,'2009-01-05 00:00:00','2009-01-05 00:00:00',NULL,FALSE), (6,1.2070,'2009-01-06 00:00:00','2009-01-06 00:00:00',NULL,FALSE), (7,1.1889,'2009-01-07 00:00:00','2009-01-07 00:00:00',NULL,FALSE), (8,1.1857,'2009-01-08 00:00:00','2009-01-08 00:00:00',NULL,FALSE), (9,1.1949,'2009-01-09 00:00:00','2009-01-09 00:00:00',NULL,FALSE), (10,1.1862,'2009-01-10 00:00:00','2009-01-10 00:00:00',NULL,FALSE), (11,1.1862,'2009-01-11 00:00:00','2009-01-11 00:00:00',NULL,FALSE), (12,1.1863,'2009-01-12 00:00:00','2009-01-12 00:00:00',NULL,FALSE), (13,1.1978,'2009-01-13 00:00:00','2009-01-13 00:00:00',NULL,FALSE), (14,1.2228,'2009-01-14 00:00:00','2009-01-14 00:00:00',NULL,FALSE), (15,1.2265,'2009-01-15 00:00:00','2009-01-15 00:00:00',NULL,FALSE), (16,1.2498,'2009-01-16 00:00:00','2009-01-16 00:00:00',NULL,FALSE), (17,1.2462,'2009-01-17 00:00:00','2009-01-17 00:00:00',NULL,FALSE), (18,1.2438,'2009-01-18 00:00:00','2009-01-18 00:00:00',NULL,FALSE), (19,1.2436,'2009-01-19 00:00:00','2009-01-19 00:00:00',NULL,FALSE), (20,1.2457,'2009-01-20 00:00:00','2009-01-20 00:00:00',NULL,FALSE), (21,1.2599,'2009-01-21 00:00:00','2009-01-21 00:00:00',NULL,FALSE), (22,1.2652,'2009-01-22 00:00:00','2009-01-22 00:00:00',NULL,FALSE), (23,1.2599,'2009-01-23 00:00:00','2009-01-23 00:00:00',NULL,FALSE), (24,1.2533,'2009-01-24 00:00:00','2009-01-24 00:00:00',NULL,FALSE), (25,1.2317,'2009-01-25 00:00:00','2009-01-25 00:00:00',NULL,FALSE), (26,1.2318,'2009-01-26 00:00:00','2009-01-26 00:00:00',NULL,FALSE), (27,1.2288,'2009-01-27 00:00:00','2009-01-27 00:00:00',NULL,FALSE), (28,1.2247,'2009-01-28 00:00:00','2009-01-28 00:00:00',NULL,FALSE), (29,1.2209,'2009-01-29 00:00:00','2009-01-29 00:00:00',NULL,FALSE), (30,1.2182,'2009-01-30 00:00:00','2009-01-30 00:00:00',NULL,FALSE), (31,1.2308,'2009-01-31 00:00:00','2009-01-31 00:00:00',NULL,FALSE), (32,1.2301,'2009-02-01 00:00:00','2009-02-01 00:00:00',NULL,FALSE), (33,1.2300,'2009-02-02 00:00:00','2009-02-02 00:00:00',NULL,FALSE), (34,1.2365,'2009-02-03 00:00:00','2009-02-03 00:00:00',NULL,FALSE), (35,1.2428,'2009-02-04 00:00:00','2009-02-04 00:00:00',NULL,FALSE), (36,1.2331,'2009-02-05 00:00:00','2009-02-05 00:00:00',NULL,FALSE), (37,1.2312,'2009-02-06 00:00:00','2009-02-06 00:00:00',NULL,FALSE), (38,1.2374,'2009-02-07 00:00:00','2009-02-07 00:00:00',NULL,FALSE), (39,1.2199,'2009-02-08 00:00:00','2009-02-08 00:00:00',NULL,FALSE), (40,1.2199,'2009-02-09 00:00:00','2009-02-09 00:00:00',NULL,FALSE), (41,1.2228,'2009-02-10 00:00:00','2009-02-10 00:00:00',NULL,FALSE), (42,1.2265,'2009-02-11 00:00:00','2009-02-11 00:00:00',NULL,FALSE), (43,1.2449,'2009-02-12 00:00:00','2009-02-12 00:00:00',NULL,FALSE), (44,1.2445,'2009-02-13 00:00:00','2009-02-13 00:00:00',NULL,FALSE), (45,1.2395,'2009-02-14 00:00:00','2009-02-14 00:00:00',NULL,FALSE), (46,1.2358,'2009-02-15 00:00:00','2009-02-15 00:00:00',NULL,FALSE), (47,1.2362,'2009-02-16 00:00:00','2009-02-16 00:00:00',NULL,FALSE), (48,1.2437,'2009-02-17 00:00:00','2009-02-17 00:00:00',NULL,FALSE), (49,1.2555,'2009-02-18 00:00:00','2009-02-18 00:00:00',NULL,FALSE), (50,1.2622,'2009-02-19 00:00:00','2009-02-19 00:00:00',NULL,FALSE), (51,1.2560,'2009-02-20 00:00:00','2009-02-20 00:00:00',NULL,FALSE), (52,1.2584,'2009-02-21 00:00:00','2009-02-21 00:00:00',NULL,FALSE), (53,1.2525,'2009-02-22 00:00:00','2009-02-22 00:00:00',NULL,FALSE), (54,1.2524,'2009-02-23 00:00:00','2009-02-23 00:00:00',NULL,FALSE), (55,1.2492,'2009-02-24 00:00:00','2009-02-24 00:00:00',NULL,FALSE), (56,1.2490,'2009-02-25 00:00:00','2009-02-25 00:00:00',NULL,FALSE), (57,1.2471,'2009-02-26 00:00:00','2009-02-26 00:00:00',NULL,FALSE), (58,1.2520,'2009-02-27 00:00:00','2009-02-27 00:00:00',NULL,FALSE), (59,1.2600,'2009-02-28 00:00:00','2009-02-28 00:00:00',NULL,FALSE), (60,1.2770,'2009-03-01 00:00:00','2009-03-01 00:00:00',NULL,FALSE), (61,1.2772,'2009-03-02 00:00:00','2009-03-02 00:00:00',NULL,FALSE), (62,1.2817,'2009-03-03 00:00:00','2009-03-03 00:00:00',NULL,FALSE), (63,1.2896,'2009-03-04 00:00:00','2009-03-04 00:00:00',NULL,FALSE), (64,1.2896,'2009-03-05 00:00:00','2009-03-05 00:00:00',NULL,FALSE), (65,1.2811,'2009-03-06 00:00:00','2009-03-06 00:00:00',NULL,FALSE), (66,1.2847,'2009-03-07 00:00:00','2009-03-07 00:00:00',NULL,FALSE), (67,1.2878,'2009-03-08 00:00:00','2009-03-08 00:00:00',NULL,FALSE), (68,1.2877,'2009-03-09 00:00:00','2009-03-09 00:00:00',NULL,FALSE), (69,1.2906,'2009-03-10 00:00:00','2009-03-10 00:00:00',NULL,FALSE), (70,1.2907,'2009-03-11 00:00:00','2009-03-11 00:00:00',NULL,FALSE), (71,1.2831,'2009-03-12 00:00:00','2009-03-12 00:00:00',NULL,FALSE), (72,1.2876,'2009-03-13 00:00:00','2009-03-13 00:00:00',NULL,FALSE), (73,1.2750,'2009-03-14 00:00:00','2009-03-14 00:00:00',NULL,FALSE), (74,1.2723,'2009-03-15 00:00:00','2009-03-15 00:00:00',NULL,FALSE), (75,1.2723,'2009-03-16 00:00:00','2009-03-16 00:00:00',NULL,FALSE), (76,1.2718,'2009-03-17 00:00:00','2009-03-17 00:00:00',NULL,FALSE), (77,1.2716,'2009-03-18 00:00:00','2009-03-18 00:00:00',NULL,FALSE), (78,1.2681,'2009-03-19 00:00:00','2009-03-19 00:00:00',NULL,FALSE), (79,1.2413,'2009-03-20 00:00:00','2009-03-20 00:00:00',NULL,FALSE), (80,1.2393,'2009-03-21 00:00:00','2009-03-21 00:00:00',NULL,FALSE), (81,1.2411,'2009-03-22 00:00:00','2009-03-22 00:00:00',NULL,FALSE), (82,1.2412,'2009-03-23 00:00:00','2009-03-23 00:00:00',NULL,FALSE), (83,1.2344,'2009-03-24 00:00:00','2009-03-24 00:00:00',NULL,FALSE), (84,1.2241,'2009-03-25 00:00:00','2009-03-25 00:00:00',NULL,FALSE), (85,1.2306,'2009-03-26 00:00:00','2009-03-26 00:00:00',NULL,FALSE), (86,1.2302,'2009-03-27 00:00:00','2009-03-27 00:00:00',NULL,FALSE), (87,1.2331,'2009-03-28 00:00:00','2009-03-28 00:00:00',NULL,FALSE), (88,1.2423,'2009-03-29 00:00:00','2009-03-29 00:00:00',NULL,FALSE), (89,1.2423,'2009-03-30 00:00:00','2009-03-30 00:00:00',NULL,FALSE), (90,1.2495,'2009-03-31 00:00:00','2009-03-31 00:00:00',NULL,FALSE), (91,1.2575,'2009-04-01 00:00:00','2009-04-01 00:00:00',NULL,FALSE), (92,1.2655,'2009-04-02 00:00:00','2009-04-02 00:00:00',NULL,FALSE), (93,1.2518,'2009-04-03 00:00:00','2009-04-03 00:00:00',NULL,FALSE), (94,1.2381,'2009-04-04 00:00:00','2009-04-04 00:00:00',NULL,FALSE), (95,1.2302,'2009-04-05 00:00:00','2009-04-05 00:00:00',NULL,FALSE), (96,1.2302,'2009-04-06 00:00:00','2009-04-06 00:00:00',NULL,FALSE), (97,1.2313,'2009-04-07 00:00:00','2009-04-07 00:00:00',NULL,FALSE), (98,1.2416,'2009-04-08 00:00:00','2009-04-08 00:00:00',NULL,FALSE), (99,1.2387,'2009-04-09 00:00:00','2009-04-09 00:00:00',NULL,FALSE), (100,1.2330,'2009-04-10 00:00:00','2009-04-10 00:00:00',NULL,FALSE), (101,1.2270,'2009-04-11 00:00:00','2009-04-11 00:00:00',NULL,FALSE), (102,1.2263,'2009-04-12 00:00:00','2009-04-12 00:00:00',NULL,FALSE), (103,1.2263,'2009-04-13 00:00:00','2009-04-13 00:00:00',NULL,FALSE), (104,1.2248,'2009-04-14 00:00:00','2009-04-14 00:00:00',NULL,FALSE), (105,1.2184,'2009-04-15 00:00:00','2009-04-15 00:00:00',NULL,FALSE), (106,1.2134,'2009-04-16 00:00:00','2009-04-16 00:00:00',NULL,FALSE), (107,1.2057,'2009-04-17 00:00:00','2009-04-17 00:00:00',NULL,FALSE), (108,1.2123,'2009-04-18 00:00:00','2009-04-18 00:00:00',NULL,FALSE), (109,1.2137,'2009-04-19 00:00:00','2009-04-19 00:00:00',NULL,FALSE), (110,1.2136,'2009-04-20 00:00:00','2009-04-20 00:00:00',NULL,FALSE), (111,1.2239,'2009-04-21 00:00:00','2009-04-21 00:00:00',NULL,FALSE), (112,1.2388,'2009-04-22 00:00:00','2009-04-22 00:00:00',NULL,FALSE), (113,1.2390,'2009-04-23 00:00:00','2009-04-23 00:00:00',NULL,FALSE), (114,1.2359,'2009-04-24 00:00:00','2009-04-24 00:00:00',NULL,FALSE), (115,1.2193,'2009-04-25 00:00:00','2009-04-25 00:00:00',NULL,FALSE), (116,1.2106,'2009-04-26 00:00:00','2009-04-26 00:00:00',NULL,FALSE), (117,1.2101,'2009-04-27 00:00:00','2009-04-27 00:00:00',NULL,FALSE), (118,1.2152,'2009-04-28 00:00:00','2009-04-28 00:00:00',NULL,FALSE), (119,1.2211,'2009-04-29 00:00:00','2009-04-29 00:00:00',NULL,FALSE), (120,1.2105,'2009-04-30 00:00:00','2009-04-30 00:00:00',NULL,FALSE), (121,1.1962,'2009-05-01 00:00:00','2009-05-01 00:00:00',NULL,FALSE), (122,1.1903,'2009-05-02 00:00:00','2009-05-02 00:00:00',NULL,FALSE), (123,1.1860,'2009-05-03 00:00:00','2009-05-03 00:00:00',NULL,FALSE), (124,1.1860,'2009-05-04 00:00:00','2009-05-04 00:00:00',NULL,FALSE), (125,1.1827,'2009-05-05 00:00:00','2009-05-05 00:00:00',NULL,FALSE), (126,1.1741,'2009-05-06 00:00:00','2009-05-06 00:00:00',NULL,FALSE), (127,1.1758,'2009-05-07 00:00:00','2009-05-07 00:00:00',NULL,FALSE), (128,1.1694,'2009-05-08 00:00:00','2009-05-08 00:00:00',NULL,FALSE), (129,1.1611,'2009-05-09 00:00:00','2009-05-09 00:00:00',NULL,FALSE), (130,1.1502,'2009-05-10 00:00:00','2009-05-10 00:00:00',NULL,FALSE), (131,1.1503,'2009-05-11 00:00:00','2009-05-11 00:00:00',NULL,FALSE), (132,1.1546,'2009-05-12 00:00:00','2009-05-12 00:00:00',NULL,FALSE), (133,1.1640,'2009-05-13 00:00:00','2009-05-13 00:00:00',NULL,FALSE), (134,1.1629,'2009-05-14 00:00:00','2009-05-14 00:00:00',NULL,FALSE), (135,1.1739,'2009-05-15 00:00:00','2009-05-15 00:00:00',NULL,FALSE), (136,1.1733,'2009-05-16 00:00:00','2009-05-16 00:00:00',NULL,FALSE), (137,1.1782,'2009-05-17 00:00:00','2009-05-17 00:00:00',NULL,FALSE), (138,1.1782,'2009-05-18 00:00:00','2009-05-18 00:00:00',NULL,FALSE), (139,1.1726,'2009-05-19 00:00:00','2009-05-19 00:00:00',NULL,FALSE), (140,1.1599,'2009-05-20 00:00:00','2009-05-20 00:00:00',NULL,FALSE), (141,1.1509,'2009-05-21 00:00:00','2009-05-21 00:00:00',NULL,FALSE), (142,1.1412,'2009-05-22 00:00:00','2009-05-22 00:00:00',NULL,FALSE), (143,1.1297,'2009-05-23 00:00:00','2009-05-23 00:00:00',NULL,FALSE), (144,1.1199,'2009-05-24 00:00:00','2009-05-24 00:00:00',NULL,FALSE), (145,1.1200,'2009-05-25 00:00:00','2009-05-25 00:00:00',NULL,FALSE), (146,1.1247,'2009-05-26 00:00:00','2009-05-26 00:00:00',NULL,FALSE), (147,1.1258,'2009-05-27 00:00:00','2009-05-27 00:00:00',NULL,FALSE), (148,1.1150,'2009-05-28 00:00:00','2009-05-28 00:00:00',NULL,FALSE), (149,1.1191,'2009-05-29 00:00:00','2009-05-29 00:00:00',NULL,FALSE), (150,1.0998,'2009-05-30 00:00:00','2009-05-30 00:00:00',NULL,FALSE), (151,1.0923,'2009-05-31 00:00:00','2009-05-31 00:00:00',NULL,FALSE), (152,1.0922,'2009-06-01 00:00:00','2009-06-01 00:00:00',NULL,FALSE), (153,1.0871,'2009-06-02 00:00:00','2009-06-02 00:00:00',NULL,FALSE), (154,1.0884,'2009-06-03 00:00:00','2009-06-03 00:00:00',NULL,FALSE), (155,1.0887,'2009-06-04 00:00:00','2009-06-04 00:00:00',NULL,FALSE), (156,1.1063,'2009-06-05 00:00:00','2009-06-05 00:00:00',NULL,FALSE), (157,1.1051,'2009-06-06 00:00:00','2009-06-06 00:00:00',NULL,FALSE), (158,1.1195,'2009-06-07 00:00:00','2009-06-07 00:00:00',NULL,FALSE), (159,1.1195,'2009-06-08 00:00:00','2009-06-08 00:00:00',NULL,FALSE), (160,1.1205,'2009-06-09 00:00:00','2009-06-09 00:00:00',NULL,FALSE), (161,1.1100,'2009-06-10 00:00:00','2009-06-10 00:00:00',NULL,FALSE), (162,1.1050,'2009-06-11 00:00:00','2009-06-11 00:00:00',NULL,FALSE), (163,1.1037,'2009-06-12 00:00:00','2009-06-12 00:00:00',NULL,FALSE), (164,1.1126,'2009-06-13 00:00:00','2009-06-13 00:00:00',NULL,FALSE), (165,1.1195,'2009-06-14 00:00:00','2009-06-14 00:00:00',NULL,FALSE), (166,1.1196,'2009-06-15 00:00:00','2009-06-15 00:00:00',NULL,FALSE), (167,1.1278,'2009-06-16 00:00:00','2009-06-16 00:00:00',NULL,FALSE), (168,1.1318,'2009-06-17 00:00:00','2009-06-17 00:00:00',NULL,FALSE), (169,1.1347,'2009-06-18 00:00:00','2009-06-18 00:00:00',NULL,FALSE), (170,1.1317,'2009-06-19 00:00:00','2009-06-19 00:00:00',NULL,FALSE), (171,1.1319,'2009-06-20 00:00:00','2009-06-20 00:00:00',NULL,FALSE), (172,1.1349,'2009-06-21 00:00:00','2009-06-21 00:00:00',NULL,FALSE), (173,1.1350,'2009-06-22 00:00:00','2009-06-22 00:00:00',NULL,FALSE), (174,1.1439,'2009-06-23 00:00:00','2009-06-23 00:00:00',NULL,FALSE), (175,1.1533,'2009-06-24 00:00:00','2009-06-24 00:00:00',NULL,FALSE), (176,1.1482,'2009-06-25 00:00:00','2009-06-25 00:00:00',NULL,FALSE), (177,1.1570,'2009-06-26 00:00:00','2009-06-26 00:00:00',NULL,FALSE), (178,1.1520,'2009-06-27 00:00:00','2009-06-27 00:00:00',NULL,FALSE), (179,1.1532,'2009-06-28 00:00:00','2009-06-28 00:00:00',NULL,FALSE), (180,1.1533,'2009-06-29 00:00:00','2009-06-29 00:00:00',NULL,FALSE), (181,1.1560,'2009-06-30 00:00:00','2009-06-30 00:00:00',NULL,FALSE), (182,1.1572,'2009-07-01 00:00:00','2009-07-01 00:00:00',NULL,FALSE), (183,1.1563,'2009-07-02 00:00:00','2009-07-02 00:00:00',NULL,FALSE), (184,1.1536,'2009-07-03 00:00:00','2009-07-03 00:00:00',NULL,FALSE), (185,1.1605,'2009-07-04 00:00:00','2009-07-04 00:00:00',NULL,FALSE), (186,1.1612,'2009-07-05 00:00:00','2009-07-05 00:00:00',NULL,FALSE), (187,1.1613,'2009-07-06 00:00:00','2009-07-06 00:00:00',NULL,FALSE), (188,1.1628,'2009-07-07 00:00:00','2009-07-07 00:00:00',NULL,FALSE), (189,1.1610,'2009-07-08 00:00:00','2009-07-08 00:00:00',NULL,FALSE), (190,1.1657,'2009-07-09 00:00:00','2009-07-09 00:00:00',NULL,FALSE), (191,1.1620,'2009-07-10 00:00:00','2009-07-10 00:00:00',NULL,FALSE), (192,1.1631,'2009-07-11 00:00:00','2009-07-11 00:00:00',NULL,FALSE), (193,1.1644,'2009-07-12 00:00:00','2009-07-12 00:00:00',NULL,FALSE), (194,1.1644,'2009-07-13 00:00:00','2009-07-13 00:00:00',NULL,FALSE), (195,1.1616,'2009-07-14 00:00:00','2009-07-14 00:00:00',NULL,FALSE), (196,1.1459,'2009-07-15 00:00:00','2009-07-15 00:00:00',NULL,FALSE), (197,1.1279,'2009-07-16 00:00:00','2009-07-16 00:00:00',NULL,FALSE), (198,1.1186,'2009-07-17 00:00:00','2009-07-17 00:00:00',NULL,FALSE), (199,1.1177,'2009-07-18 00:00:00','2009-07-18 00:00:00',NULL,FALSE), (200,1.1140,'2009-07-19 00:00:00','2009-07-19 00:00:00',NULL,FALSE), (201,1.1142,'2009-07-20 00:00:00','2009-07-20 00:00:00',NULL,FALSE), (202,1.1081,'2009-07-21 00:00:00','2009-07-21 00:00:00',NULL,FALSE), (203,1.1065,'2009-07-22 00:00:00','2009-07-22 00:00:00',NULL,FALSE), (204,1.1042,'2009-07-23 00:00:00','2009-07-23 00:00:00',NULL,FALSE), (205,1.0961,'2009-07-24 00:00:00','2009-07-24 00:00:00',NULL,FALSE), (206,1.0873,'2009-07-25 00:00:00','2009-07-25 00:00:00',NULL,FALSE), (207,1.0873,'2009-07-26 00:00:00','2009-07-26 00:00:00',NULL,FALSE), (208,1.0872,'2009-07-27 00:00:00','2009-07-27 00:00:00',NULL,FALSE), (209,1.0838,'2009-07-28 00:00:00','2009-07-28 00:00:00',NULL,FALSE), (210,1.0816,'2009-07-29 00:00:00','2009-07-29 00:00:00',NULL,FALSE), (211,1.0856,'2009-07-30 00:00:00','2009-07-30 00:00:00',NULL,FALSE), (212,1.0865,'2009-07-31 00:00:00','2009-07-31 00:00:00',NULL,FALSE), (213,1.0808,'2009-08-01 00:00:00','2009-08-01 00:00:00',NULL,FALSE), (214,1.0781,'2009-08-02 00:00:00','2009-08-02 00:00:00',NULL,FALSE), (215,1.0780,'2009-08-03 00:00:00','2009-08-03 00:00:00',NULL,FALSE), (216,1.0729,'2009-08-04 00:00:00','2009-08-04 00:00:00',NULL,FALSE), (217,1.0687,'2009-08-05 00:00:00','2009-08-05 00:00:00',NULL,FALSE), (218,1.0733,'2009-08-06 00:00:00','2009-08-06 00:00:00',NULL,FALSE), (219,1.0730,'2009-08-07 00:00:00','2009-08-07 00:00:00',NULL,FALSE), (220,1.0801,'2009-08-08 00:00:00','2009-08-08 00:00:00',NULL,FALSE), (221,1.0818,'2009-08-09 00:00:00','2009-08-09 00:00:00',NULL,FALSE), (222,1.0819,'2009-08-10 00:00:00','2009-08-10 00:00:00',NULL,FALSE), (223,1.0843,'2009-08-11 00:00:00','2009-08-11 00:00:00',NULL,FALSE), (224,1.0944,'2009-08-12 00:00:00','2009-08-12 00:00:00',NULL,FALSE), (225,1.0987,'2009-08-13 00:00:00','2009-08-13 00:00:00',NULL,FALSE), (226,1.0877,'2009-08-14 00:00:00','2009-08-14 00:00:00',NULL,FALSE), (227,1.0899,'2009-08-15 00:00:00','2009-08-15 00:00:00',NULL,FALSE), (228,1.0987,'2009-08-16 00:00:00','2009-08-16 00:00:00',NULL,FALSE), (229,1.0988,'2009-08-17 00:00:00','2009-08-17 00:00:00',NULL,FALSE), (230,1.1065,'2009-08-18 00:00:00','2009-08-18 00:00:00',NULL,FALSE), (231,1.1054,'2009-08-19 00:00:00','2009-08-19 00:00:00',NULL,FALSE), (232,1.1032,'2009-08-20 00:00:00','2009-08-20 00:00:00',NULL,FALSE), (233,1.0947,'2009-08-21 00:00:00','2009-08-21 00:00:00',NULL,FALSE), (234,1.0861,'2009-08-22 00:00:00','2009-08-22 00:00:00',NULL,FALSE), (235,1.0817,'2009-08-23 00:00:00','2009-08-23 00:00:00',NULL,FALSE), (236,1.0817,'2009-08-24 00:00:00','2009-08-24 00:00:00',NULL,FALSE), (237,1.0785,'2009-08-25 00:00:00','2009-08-25 00:00:00',NULL,FALSE), (238,1.0789,'2009-08-26 00:00:00','2009-08-26 00:00:00',NULL,FALSE), (239,1.0912,'2009-08-27 00:00:00','2009-08-27 00:00:00',NULL,FALSE), (240,1.0961,'2009-08-28 00:00:00','2009-08-28 00:00:00',NULL,FALSE), (241,1.0872,'2009-08-29 00:00:00','2009-08-29 00:00:00',NULL,FALSE), (242,1.0920,'2009-08-30 00:00:00','2009-08-30 00:00:00',NULL,FALSE), (243,1.0920,'2009-08-31 00:00:00','2009-08-31 00:00:00',NULL,FALSE), (244,1.0975,'2009-09-01 00:00:00','2009-09-01 00:00:00',NULL,FALSE), (245,1.0964,'2009-09-02 00:00:00','2009-09-02 00:00:00',NULL,FALSE), (246,1.1044,'2009-09-03 00:00:00','2009-09-03 00:00:00',NULL,FALSE), (247,1.1032,'2009-09-04 00:00:00','2009-09-04 00:00:00',NULL,FALSE), (248,1.0965,'2009-09-05 00:00:00','2009-09-05 00:00:00',NULL,FALSE), (249,1.0893,'2009-09-06 00:00:00','2009-09-06 00:00:00',NULL,FALSE), (250,1.0891,'2009-09-07 00:00:00','2009-09-07 00:00:00',NULL,FALSE), (251,1.0809,'2009-09-08 00:00:00','2009-09-08 00:00:00',NULL,FALSE), (252,1.0758,'2009-09-09 00:00:00','2009-09-09 00:00:00',NULL,FALSE), (253,1.0793,'2009-09-10 00:00:00','2009-09-10 00:00:00',NULL,FALSE), (254,1.0811,'2009-09-11 00:00:00','2009-09-11 00:00:00',NULL,FALSE), (255,1.0770,'2009-09-12 00:00:00','2009-09-12 00:00:00',NULL,FALSE), (256,1.0772,'2009-09-13 00:00:00','2009-09-13 00:00:00',NULL,FALSE), (257,1.0772,'2009-09-14 00:00:00','2009-09-14 00:00:00',NULL,FALSE), (258,1.0849,'2009-09-15 00:00:00','2009-09-15 00:00:00',NULL,FALSE), (259,1.0815,'2009-09-16 00:00:00','2009-09-16 00:00:00',NULL,FALSE), (260,1.0701,'2009-09-17 00:00:00','2009-09-17 00:00:00',NULL,FALSE), (261,1.0649,'2009-09-18 00:00:00','2009-09-18 00:00:00',NULL,FALSE), (262,1.0695,'2009-09-19 00:00:00','2009-09-19 00:00:00',NULL,FALSE), (263,1.0697,'2009-09-20 00:00:00','2009-09-20 00:00:00',NULL,FALSE), (264,1.0697,'2009-09-21 00:00:00','2009-09-21 00:00:00',NULL,FALSE), (265,1.0753,'2009-09-22 00:00:00','2009-09-22 00:00:00',NULL,FALSE), (266,1.0723,'2009-09-23 00:00:00','2009-09-23 00:00:00',NULL,FALSE), (267,1.0699,'2009-09-24 00:00:00','2009-09-24 00:00:00',NULL,FALSE), (268,1.0790,'2009-09-25 00:00:00','2009-09-25 00:00:00',NULL,FALSE), (269,1.0911,'2009-09-26 00:00:00','2009-09-26 00:00:00',NULL,FALSE), (270,1.0915,'2009-09-27 00:00:00','2009-09-27 00:00:00',NULL,FALSE), (271,1.0915,'2009-09-28 00:00:00','2009-09-28 00:00:00',NULL,FALSE), (272,1.0935,'2009-09-29 00:00:00','2009-09-29 00:00:00',NULL,FALSE), (273,1.0861,'2009-09-30 00:00:00','2009-09-30 00:00:00',NULL,FALSE), (274,1.0773,'2009-10-01 00:00:00','2009-10-01 00:00:00',NULL,FALSE), (275,1.0736,'2009-10-02 00:00:00','2009-10-02 00:00:00',NULL,FALSE), (276,1.0855,'2009-10-03 00:00:00','2009-10-03 00:00:00',NULL,FALSE), (277,1.0801,'2009-10-04 00:00:00','2009-10-04 00:00:00',NULL,FALSE), (278,1.0800,'2009-10-05 00:00:00','2009-10-05 00:00:00',NULL,FALSE), (279,1.0754,'2009-10-06 00:00:00','2009-10-06 00:00:00',NULL,FALSE), (280,1.0652,'2009-10-07 00:00:00','2009-10-07 00:00:00',NULL,FALSE), (281,1.0597,'2009-10-08 00:00:00','2009-10-08 00:00:00',NULL,FALSE), (282,1.0562,'2009-10-09 00:00:00','2009-10-09 00:00:00',NULL,FALSE), (283,1.0499,'2009-10-10 00:00:00','2009-10-10 00:00:00',NULL,FALSE), (284,1.0428,'2009-10-11 00:00:00','2009-10-11 00:00:00',NULL,FALSE), (285,1.0428,'2009-10-12 00:00:00','2009-10-12 00:00:00',NULL,FALSE), (286,1.0389,'2009-10-13 00:00:00','2009-10-13 00:00:00',NULL,FALSE), (287,1.0334,'2009-10-14 00:00:00','2009-10-14 00:00:00',NULL,FALSE), (288,1.0289,'2009-10-15 00:00:00','2009-10-15 00:00:00',NULL,FALSE), (289,1.0269,'2009-10-16 00:00:00','2009-10-16 00:00:00',NULL,FALSE), (290,1.0353,'2009-10-17 00:00:00','2009-10-17 00:00:00',NULL,FALSE), (291,1.0376,'2009-10-18 00:00:00','2009-10-18 00:00:00',NULL,FALSE), (292,1.0376,'2009-10-19 00:00:00','2009-10-19 00:00:00',NULL,FALSE), (293,1.0358,'2009-10-20 00:00:00','2009-10-20 00:00:00',NULL,FALSE), (294,1.0358,'2009-10-21 00:00:00','2009-10-21 00:00:00',NULL,FALSE), (295,1.0484,'2009-10-22 00:00:00','2009-10-22 00:00:00',NULL,FALSE), (296,1.0479,'2009-10-23 00:00:00','2009-10-23 00:00:00',NULL,FALSE), (297,1.0502,'2009-10-24 00:00:00','2009-10-24 00:00:00',NULL,FALSE), (298,1.0537,'2009-10-25 00:00:00','2009-10-25 00:00:00',NULL,FALSE), (299,1.0542,'2009-10-26 00:00:00','2009-10-26 00:00:00',NULL,FALSE), (300,1.0561,'2009-10-27 00:00:00','2009-10-27 00:00:00',NULL,FALSE), (301,1.0678,'2009-10-28 00:00:00','2009-10-28 00:00:00',NULL,FALSE), (302,1.0708,'2009-10-29 00:00:00','2009-10-29 00:00:00',NULL,FALSE), (303,1.0757,'2009-10-30 00:00:00','2009-10-30 00:00:00',NULL,FALSE), (304,1.0724,'2009-10-31 00:00:00','2009-10-31 00:00:00',NULL,FALSE), (305,1.0852,'2009-11-01 00:00:00','2009-11-01 00:00:00',NULL,FALSE), (306,1.0848,'2009-11-02 00:00:00','2009-11-02 00:00:00',NULL,FALSE), (307,1.0802,'2009-11-03 00:00:00','2009-11-03 00:00:00',NULL,FALSE), (308,1.0767,'2009-11-04 00:00:00','2009-11-04 00:00:00',NULL,FALSE), (309,1.0643,'2009-11-05 00:00:00','2009-11-05 00:00:00',NULL,FALSE), (310,1.0647,'2009-11-06 00:00:00','2009-11-06 00:00:00',NULL,FALSE), (311,1.0680,'2009-11-07 00:00:00','2009-11-07 00:00:00',NULL,FALSE), (312,1.0758,'2009-11-08 00:00:00','2009-11-08 00:00:00',NULL,FALSE), (313,1.0757,'2009-11-09 00:00:00','2009-11-09 00:00:00',NULL,FALSE), (314,1.0647,'2009-11-10 00:00:00','2009-11-10 00:00:00',NULL,FALSE), (315,1.0562,'2009-11-11 00:00:00','2009-11-11 00:00:00',NULL,FALSE), (316,1.0476,'2009-11-12 00:00:00','2009-11-12 00:00:00',NULL,FALSE), (317,1.0478,'2009-11-13 00:00:00','2009-11-13 00:00:00',NULL,FALSE), (318,1.0532,'2009-11-14 00:00:00','2009-11-14 00:00:00',NULL,FALSE), (319,1.0522,'2009-11-15 00:00:00','2009-11-15 00:00:00',NULL,FALSE), (320,1.0525,'2009-11-16 00:00:00','2009-11-16 00:00:00',NULL,FALSE), (321,1.0482,'2009-11-17 00:00:00','2009-11-17 00:00:00',NULL,FALSE), (322,1.0525,'2009-11-18 00:00:00','2009-11-18 00:00:00',NULL,FALSE), (323,1.0515,'2009-11-19 00:00:00','2009-11-19 00:00:00',NULL,FALSE), (324,1.0605,'2009-11-20 00:00:00','2009-11-20 00:00:00',NULL,FALSE), (325,1.0671,'2009-11-21 00:00:00','2009-11-21 00:00:00',NULL,FALSE), (326,1.0716,'2009-11-22 00:00:00','2009-11-22 00:00:00',NULL,FALSE), (327,1.0715,'2009-11-23 00:00:00','2009-11-23 00:00:00',NULL,FALSE), (328,1.0616,'2009-11-24 00:00:00','2009-11-24 00:00:00',NULL,FALSE), (329,1.0595,'2009-11-25 00:00:00','2009-11-25 00:00:00',NULL,FALSE), (330,1.0529,'2009-11-26 00:00:00','2009-11-26 00:00:00',NULL,FALSE), (331,1.0528,'2009-11-27 00:00:00','2009-11-27 00:00:00',NULL,FALSE), (332,1.0655,'2009-11-28 00:00:00','2009-11-28 00:00:00',NULL,FALSE), (333,1.0624,'2009-11-29 00:00:00','2009-11-29 00:00:00',NULL,FALSE), (334,1.0620,'2009-11-30 00:00:00','2009-11-30 00:00:00',NULL,FALSE), (335,1.0572,'2009-12-01 00:00:00','2009-12-01 00:00:00',NULL,FALSE), (336,1.0498,'2009-12-02 00:00:00','2009-12-02 00:00:00',NULL,FALSE), (337,1.0465,'2009-12-03 00:00:00','2009-12-03 00:00:00',NULL,FALSE), (338,1.0510,'2009-12-04 00:00:00','2009-12-04 00:00:00',NULL,FALSE), (339,1.0547,'2009-12-05 00:00:00','2009-12-05 00:00:00',NULL,FALSE), (340,1.0585,'2009-12-06 00:00:00','2009-12-06 00:00:00',NULL,FALSE), (341,1.0583,'2009-12-07 00:00:00','2009-12-07 00:00:00',NULL,FALSE), (342,1.0560,'2009-12-08 00:00:00','2009-12-08 00:00:00',NULL,FALSE), (343,1.0550,'2009-12-09 00:00:00','2009-12-09 00:00:00',NULL,FALSE), (344,1.0609,'2009-12-10 00:00:00','2009-12-10 00:00:00',NULL,FALSE), (345,1.0537,'2009-12-11 00:00:00','2009-12-11 00:00:00',NULL,FALSE), (346,1.0532,'2009-12-12 00:00:00','2009-12-12 00:00:00',NULL,FALSE), (347,1.0607,'2009-12-13 00:00:00','2009-12-13 00:00:00',NULL,FALSE), (348,1.0607,'2009-12-14 00:00:00','2009-12-14 00:00:00',NULL,FALSE), (349,1.0608,'2009-12-15 00:00:00','2009-12-15 00:00:00',NULL,FALSE), (350,1.0603,'2009-12-16 00:00:00','2009-12-16 00:00:00',NULL,FALSE), (351,1.0608,'2009-12-17 00:00:00','2009-12-17 00:00:00',NULL,FALSE), (352,1.0683,'2009-12-18 00:00:00','2009-12-18 00:00:00',NULL,FALSE), (353,1.0677,'2009-12-19 00:00:00','2009-12-19 00:00:00',NULL,FALSE), (354,1.0669,'2009-12-20 00:00:00','2009-12-20 00:00:00',NULL,FALSE), (355,1.0670,'2009-12-21 00:00:00','2009-12-21 00:00:00',NULL,FALSE), (356,1.0641,'2009-12-22 00:00:00','2009-12-22 00:00:00',NULL,FALSE), (357,1.0597,'2009-12-23 00:00:00','2009-12-23 00:00:00',NULL,FALSE), (358,1.0539,'2009-12-24 00:00:00','2009-12-24 00:00:00',NULL,FALSE), (359,1.0486,'2009-12-25 00:00:00','2009-12-25 00:00:00',NULL,FALSE), (360,1.0502,'2009-12-26 00:00:00','2009-12-26 00:00:00',NULL,FALSE), (361,1.0495,'2009-12-27 00:00:00','2009-12-27 00:00:00',NULL,FALSE), (362,1.0502,'2009-12-28 00:00:00','2009-12-28 00:00:00',NULL,FALSE), (363,1.0469,'2009-12-29 00:00:00','2009-12-29 00:00:00',NULL,FALSE), (364,1.0421,'2009-12-30 00:00:00','2009-12-30 00:00:00',NULL,FALSE), (365,1.0494,'2009-12-31 00:00:00','2009-12-31 00:00:00',NULL,FALSE), (366,1.0510,'2010-01-01 00:00:00','2010-01-01 00:00:00',NULL,FALSE), (367,1.0538,'2010-01-02 00:00:00','2010-01-02 00:00:00',NULL,FALSE), (368,1.0551,'2010-01-03 00:00:00','2010-01-03 00:00:00',NULL,FALSE), (369,1.0537,'2010-01-04 00:00:00','2010-01-04 00:00:00',NULL,FALSE), (370,1.0438,'2010-01-05 00:00:00','2010-01-05 00:00:00',NULL,FALSE), (371,1.0390,'2010-01-06 00:00:00','2010-01-06 00:00:00',NULL,FALSE), (372,1.0372,'2010-01-07 00:00:00','2010-01-07 00:00:00',NULL,FALSE), (373,1.0333,'2010-01-08 00:00:00','2010-01-08 00:00:00',NULL,FALSE), (374,1.0341,'2010-01-09 00:00:00','2010-01-09 00:00:00',NULL,FALSE), (375,1.0303,'2010-01-10 00:00:00','2010-01-10 00:00:00',NULL,FALSE), (376,1.0303,'2010-01-11 00:00:00','2010-01-11 00:00:00',NULL,FALSE), (377,1.0291,'2010-01-12 00:00:00','2010-01-12 00:00:00',NULL,FALSE), (378,1.0356,'2010-01-13 00:00:00','2010-01-13 00:00:00',NULL,FALSE), (379,1.0365,'2010-01-14 00:00:00','2010-01-14 00:00:00',NULL,FALSE), (380,1.0294,'2010-01-15 00:00:00','2010-01-15 00:00:00',NULL,FALSE), (381,1.0267,'2010-01-16 00:00:00','2010-01-16 00:00:00',NULL,FALSE), (382,1.0296,'2010-01-17 00:00:00','2010-01-17 00:00:00',NULL,FALSE), (383,1.0298,'2010-01-18 00:00:00','2010-01-18 00:00:00',NULL,FALSE), (384,1.0279,'2010-01-19 00:00:00','2010-01-19 00:00:00',NULL,FALSE), (385,1.0286,'2010-01-20 00:00:00','2010-01-20 00:00:00',NULL,FALSE), (386,1.0393,'2010-01-21 00:00:00','2010-01-21 00:00:00',NULL,FALSE), (387,1.0479,'2010-01-22 00:00:00','2010-01-22 00:00:00',NULL,FALSE), (388,1.0523,'2010-01-23 00:00:00','2010-01-23 00:00:00',NULL,FALSE), (389,1.0583,'2010-01-24 00:00:00','2010-01-24 00:00:00',NULL,FALSE), (390,1.0583,'2010-01-25 00:00:00','2010-01-25 00:00:00',NULL,FALSE), (391,1.0571,'2010-01-26 00:00:00','2010-01-26 00:00:00',NULL,FALSE), (392,1.0609,'2010-01-27 00:00:00','2010-01-27 00:00:00',NULL,FALSE), (393,1.0645,'2010-01-28 00:00:00','2010-01-28 00:00:00',NULL,FALSE), (394,1.0618,'2010-01-29 00:00:00','2010-01-29 00:00:00',NULL,FALSE), (395,1.0668,'2010-01-30 00:00:00','2010-01-30 00:00:00',NULL,FALSE), (396,1.0709,'2010-01-31 00:00:00','2010-01-31 00:00:00',NULL,FALSE), (397,1.0709,'2010-02-01 00:00:00','2010-02-01 00:00:00',NULL,FALSE), (398,1.0683,'2010-02-02 00:00:00','2010-02-02 00:00:00',NULL,FALSE), (399,1.0605,'2010-02-03 00:00:00','2010-02-03 00:00:00',NULL,FALSE), (400,1.0585,'2010-02-04 00:00:00','2010-02-04 00:00:00',NULL,FALSE), (401,1.0647,'2010-02-05 00:00:00','2010-02-05 00:00:00',NULL,FALSE), (402,1.0731,'2010-02-06 00:00:00','2010-02-06 00:00:00',NULL,FALSE), (403,1.0721,'2010-02-07 00:00:00','2010-02-07 00:00:00',NULL,FALSE), (404,1.0718,'2010-02-08 00:00:00','2010-02-08 00:00:00',NULL,FALSE), (405,1.0702,'2010-02-09 00:00:00','2010-02-09 00:00:00',NULL,FALSE), (406,1.0711,'2010-02-10 00:00:00','2010-02-10 00:00:00',NULL,FALSE), (407,1.0668,'2010-02-11 00:00:00','2010-02-11 00:00:00',NULL,FALSE), (408,1.0577,'2010-02-12 00:00:00','2010-02-12 00:00:00',NULL,FALSE), (409,1.0522,'2010-02-13 00:00:00','2010-02-13 00:00:00',NULL,FALSE), (410,1.0508,'2010-02-14 00:00:00','2010-02-14 00:00:00',NULL,FALSE), (411,1.0509,'2010-02-15 00:00:00','2010-02-15 00:00:00',NULL,FALSE), (412,1.0497,'2010-02-16 00:00:00','2010-02-16 00:00:00',NULL,FALSE), (413,1.0452,'2010-02-17 00:00:00','2010-02-17 00:00:00',NULL,FALSE), (414,1.0447,'2010-02-18 00:00:00','2010-02-18 00:00:00',NULL,FALSE), (415,1.0452,'2010-02-19 00:00:00','2010-02-19 00:00:00',NULL,FALSE), (416,1.0472,'2010-02-20 00:00:00','2010-02-20 00:00:00',NULL,FALSE), (417,1.0397,'2010-02-21 00:00:00','2010-02-21 00:00:00',NULL,FALSE), (418,1.0396,'2010-02-22 00:00:00','2010-02-22 00:00:00',NULL,FALSE), (419,1.0406,'2010-02-23 00:00:00','2010-02-23 00:00:00',NULL,FALSE), (420,1.0472,'2010-02-24 00:00:00','2010-02-24 00:00:00',NULL,FALSE), (421,1.0553,'2010-02-25 00:00:00','2010-02-25 00:00:00',NULL,FALSE), (422,1.0604,'2010-02-26 00:00:00','2010-02-26 00:00:00',NULL,FALSE), (423,1.0568,'2010-02-27 00:00:00','2010-02-27 00:00:00',NULL,FALSE), (424,1.0523,'2010-02-28 00:00:00','2010-02-28 00:00:00',NULL,FALSE), (425,1.0525,'2010-03-01 00:00:00','2010-03-01 00:00:00',NULL,FALSE), (426,1.0485,'2010-03-02 00:00:00','2010-03-02 00:00:00',NULL,FALSE), (427,1.0369,'2010-03-03 00:00:00','2010-03-03 00:00:00',NULL,FALSE), (428,1.0328,'2010-03-04 00:00:00','2010-03-04 00:00:00',NULL,FALSE), (429,1.0314,'2010-03-05 00:00:00','2010-03-05 00:00:00',NULL,FALSE), (430,1.0305,'2010-03-06 00:00:00','2010-03-06 00:00:00',NULL,FALSE), (431,1.0294,'2010-03-07 00:00:00','2010-03-07 00:00:00',NULL,FALSE), (432,1.0294,'2010-03-08 00:00:00','2010-03-08 00:00:00',NULL,FALSE), (433,1.0276,'2010-03-09 00:00:00','2010-03-09 00:00:00',NULL,FALSE), (434,1.0278,'2010-03-10 00:00:00','2010-03-10 00:00:00',NULL,FALSE), (435,1.0266,'2010-03-11 00:00:00','2010-03-11 00:00:00',NULL,FALSE), (436,1.0268,'2010-03-12 00:00:00','2010-03-12 00:00:00',NULL,FALSE), (437,1.0201,'2010-03-13 00:00:00','2010-03-13 00:00:00',NULL,FALSE), (438,1.0198,'2010-03-14 00:00:00','2010-03-14 00:00:00',NULL,FALSE), (439,1.0197,'2010-03-15 00:00:00','2010-03-15 00:00:00',NULL,FALSE), (440,1.0196,'2010-03-16 00:00:00','2010-03-16 00:00:00',NULL,FALSE), (441,1.0167,'2010-03-17 00:00:00','2010-03-17 00:00:00',NULL,FALSE), (442,1.0113,'2010-03-18 00:00:00','2010-03-18 00:00:00',NULL,FALSE), (443,1.0123,'2010-03-19 00:00:00','2010-03-19 00:00:00',NULL,FALSE), (444,1.0154,'2010-03-20 00:00:00','2010-03-20 00:00:00',NULL,FALSE), (445,1.0178,'2010-03-21 00:00:00','2010-03-21 00:00:00',NULL,FALSE), (446,1.0177,'2010-03-22 00:00:00','2010-03-22 00:00:00',NULL,FALSE), (448,1.0178,'2010-03-23 00:00:00','2010-03-23 00:00:00',NULL,FALSE), (449,1.0267,'2010-03-24 00:00:00','2010-03-24 00:00:00',NULL,FALSE), (450,1.0188,'2010-03-25 00:00:00','2010-03-25 00:00:00',NULL,FALSE), (451,1.0285,'2010-03-26 00:00:00','2010-03-26 00:00:00',NULL,FALSE), (452,1.0285,'2010-03-27 00:00:00','2010-03-27 00:00:00',NULL,FALSE), (453,1.0285,'2010-03-28 00:00:00','2010-03-28 00:00:00',NULL,FALSE), (454,1.0203,'2010-03-29 00:00:00','2010-03-29 00:00:00',NULL,FALSE), (455,1.0188,'2010-03-30 00:00:00','2010-03-30 00:00:00',NULL,FALSE), (456,1.0156,'2010-03-31 00:00:00','2010-03-31 00:00:00',NULL,FALSE), (457,1.0075,'2010-04-01 00:00:00','2010-04-01 00:00:00',NULL,FALSE), (458,1.0075,'2010-04-02 00:00:00','2010-04-02 00:00:00',NULL,FALSE), (459,1.0075,'2010-04-03 00:00:00','2010-04-03 00:00:00',NULL,FALSE), (460,1.0075,'2010-04-04 00:00:00','2010-04-04 00:00:00',NULL,FALSE), (461,1.0025,'2010-04-05 00:00:00','2010-04-05 00:00:00',NULL,FALSE), (462,1.0001,'2010-04-06 00:00:00','2010-04-06 00:00:00',NULL,FALSE), (463,1.0030,'2010-04-07 00:00:00','2010-04-07 00:00:00',NULL,FALSE), (464,1.0030,'2010-04-08 00:00:00','2010-04-19 00:00:00',NULL,FALSE), (465,1.0000,'2010-04-20 00:00:00','2016-12-31 00:00:00',NULL,FALSE), (467,1.0000,'2011-05-01 00:00:00','2011-05-12 00:00:00',NULL,FALSE), (468,0.9100,'2011-04-01 00:00:00','2029-01-01 00:00:00','<div>Current rate</div>',FALSE);

-- ---- tblTaxRate -> ypl.tax_rates ----
INSERT INTO "ypl"."tax_rates" ("taxrateid", "taxratetype", "taxrate", "taxratestartdate", "taxrateenddate", "taxratenotes", "taxratearchive") VALUES (1,'GST',0.05,'2008-01-01 00:00:00','2010-06-30 00:00:00',NULL,FALSE), (2,'PST',0.07000000000000001,'2004-10-21 00:00:00','2010-06-30 00:00:00',NULL,FALSE), (3,'HST',0.12,'2010-07-01 00:00:00','2013-04-01 00:00:00',NULL,FALSE), (4,'Liquor',0.1,'2009-01-01 00:00:00','2010-06-30 00:00:00',NULL,FALSE), (5,'Room',0.048,'2009-01-01 00:00:00','2010-06-30 00:00:00',NULL,FALSE), (6,'Hotel',0,'2009-01-01 00:00:00','2010-06-30 00:00:00',NULL,FALSE), (7,'GST',0.05,'2010-07-01 00:00:00','2024-12-13 00:00:00',NULL,FALSE), (8,'PST',0.07000000000000001,'2010-07-01 00:00:00','2029-12-31 00:00:00',NULL,FALSE), (9,'HST',0.03,'2024-12-14 00:00:00','2025-02-15 00:00:00',NULL,FALSE), (16,'Hotel',0,'2010-07-01 00:00:00','2029-12-31 00:00:00',NULL,FALSE), (17,'Liquor',0.1,'2010-07-01 00:00:00','2029-12-31 00:00:00',NULL,FALSE), (18,'Room',0.048,'2010-07-01 00:00:00','2029-12-31 00:00:00',NULL,FALSE), (20,'DMT',0.012,'2017-06-28 00:00:00','2029-12-31 00:00:00','<div>Destination Marketing Tax</div>',FALSE), (21,'HST',0,'2025-02-16 00:00:00','2029-12-31 00:00:00',NULL,FALSE), (22,'GST',0,'2024-12-14 00:00:00','2025-02-15 00:00:00',NULL,FALSE), (23,'GST',0.05,'2025-02-16 00:00:00','2029-12-31 00:00:00',NULL,FALSE), (24,'HST',0,'2013-04-02 00:00:00','2024-12-13 00:00:00',NULL,FALSE);

-- ---- tblRoom -> ypl.rooms ----
INSERT INTO "ypl"."rooms" ("roomid", "roomnumber", "roomname", "roomtype", "roomcode", "roomshorthand", "roomgst", "roompst", "roomhst", "roomrt", "roomht", "roomnotes", "roomarchive", "roomorder", "roomdmt") VALUES (6,'01','Lodge','Lodge Room','lo1','K/2s',TRUE,FALSE,TRUE,TRUE,FALSE,NULL,FALSE,1,TRUE), (7,'02','Lodge','Lodge Room','lo2','K/2s',TRUE,FALSE,TRUE,TRUE,FALSE,NULL,FALSE,2,TRUE), (8,'03','Lodge','Lodge Room','lo3','K/2s',TRUE,FALSE,TRUE,TRUE,FALSE,NULL,FALSE,3,TRUE), (9,'04','Lodge','Lodge Room','lo4','Q',TRUE,FALSE,TRUE,TRUE,FALSE,NULL,FALSE,4,TRUE), (10,'05','Lodge','Lodge Room','lo5','Q+H',TRUE,FALSE,TRUE,TRUE,FALSE,NULL,FALSE,5,TRUE), (11,'06','Lodge','Lodge Room','lo6','Q',TRUE,FALSE,TRUE,TRUE,FALSE,NULL,FALSE,6,TRUE), (12,'07','Lodge','Lodge Room','lo7','Q',TRUE,FALSE,TRUE,TRUE,FALSE,NULL,FALSE,7,TRUE), (13,'08','Lodge','Lodge Room','lo8','Q',TRUE,FALSE,TRUE,TRUE,FALSE,NULL,FALSE,8,TRUE), (14,'09','Lodge','Lodge Room','lo9','Q',TRUE,FALSE,TRUE,TRUE,FALSE,NULL,FALSE,9,TRUE), (15,NULL,'Attic','Penthouse and Attic','att','Q',TRUE,FALSE,TRUE,TRUE,FALSE,NULL,FALSE,10,TRUE), (16,NULL,'Penthouse','Penthouse and Attic','pnt','Q',TRUE,FALSE,TRUE,TRUE,FALSE,NULL,FALSE,11,TRUE), (17,'01','White Beach','Private Cabin','wb1','Q+DH',TRUE,FALSE,TRUE,TRUE,FALSE,NULL,FALSE,31,TRUE), (18,'02','White Beach','Private Cabin','wb2','Q+DH',TRUE,FALSE,TRUE,TRUE,FALSE,NULL,FALSE,32,TRUE), (19,'03','White Beach','Private Cabin','wb3','Q+DH',TRUE,FALSE,TRUE,TRUE,FALSE,NULL,FALSE,33,TRUE), (20,'04','White Beach','Private Cabin','wb4','K/2S',TRUE,FALSE,TRUE,TRUE,FALSE,NULL,FALSE,34,TRUE), (21,'05','White Beach','Private Cabin','wb5','K/2S',TRUE,FALSE,TRUE,TRUE,FALSE,NULL,FALSE,35,TRUE), (22,NULL,'DeCourcey','Private Cabin','dec','Q+SH',TRUE,FALSE,TRUE,TRUE,FALSE,NULL,FALSE,36,TRUE), (23,NULL,'Ruxton','Private Cabin','rux','Q+SH',TRUE,FALSE,TRUE,TRUE,FALSE,NULL,FALSE,37,TRUE), (24,NULL,'Pylades','Private Cabin','pyl','Q+SH',TRUE,FALSE,TRUE,TRUE,FALSE,NULL,FALSE,38,TRUE), (25,NULL,'Lila''s','Private Cabin','lil','Q, D+SF',TRUE,FALSE,TRUE,TRUE,FALSE,NULL,FALSE,22,TRUE), (26,NULL,'Eve''s','Private Cabin','eve','Q',TRUE,FALSE,TRUE,TRUE,FALSE,NULL,FALSE,12,TRUE), (27,NULL,'Driftwood','Private Cabin','dft','Q+DF',TRUE,FALSE,TRUE,TRUE,FALSE,NULL,FALSE,23,TRUE), (28,NULL,'Madrona','Private Cabin','mad','Q+DH',TRUE,FALSE,TRUE,TRUE,FALSE,NULL,FALSE,21,TRUE), (29,'01','Three Oaks','Shared Cabin','to1','K/2s',TRUE,FALSE,TRUE,TRUE,FALSE,NULL,FALSE,16,TRUE), (30,'02','Three Oaks','Shared Cabin','to2','K/2s',TRUE,FALSE,TRUE,TRUE,FALSE,NULL,FALSE,17,TRUE), (31,'03','Three Oaks','Shared Cabin','to3','K/2 + D',TRUE,FALSE,TRUE,TRUE,FALSE,NULL,FALSE,18,TRUE), (32,'01','Parsonage','Shared Cabin','pa1','K/2+S',TRUE,FALSE,TRUE,TRUE,FALSE,NULL,FALSE,19,TRUE), (33,'02','Parsonage','Shared Cabin','pa2','K/2+D',TRUE,FALSE,TRUE,TRUE,FALSE,NULL,FALSE,20,TRUE), (34,'01','Victoria','Shared Cabin','vi1','Q/2S',TRUE,FALSE,TRUE,TRUE,FALSE,NULL,FALSE,24,TRUE), (35,'02','Victoria','Shared Cabin','vi2','Q/2S',TRUE,FALSE,TRUE,TRUE,FALSE,NULL,FALSE,25,TRUE), (36,'03','Victoria','Shared Cabin','vi3','Q/2S',TRUE,FALSE,TRUE,TRUE,FALSE,NULL,FALSE,26,TRUE), (37,'04','Victoria','Shared Cabin','vi4','Q/2S',TRUE,FALSE,TRUE,TRUE,FALSE,NULL,FALSE,27,TRUE), (38,'05','Victoria','Shared Cabin','vi5','Q/2S',TRUE,FALSE,TRUE,TRUE,FALSE,NULL,FALSE,28,TRUE), (39,'06','Victoria','Shared Cabin','vi6','Q/2S',TRUE,FALSE,TRUE,TRUE,FALSE,NULL,FALSE,29,TRUE), (40,'07','Victoria','Shared Cabin','vi7',NULL,TRUE,FALSE,TRUE,TRUE,FALSE,NULL,FALSE,30,TRUE), (41,NULL,'Boathouse','Rustic Cabin','bth','Q+DH',TRUE,FALSE,TRUE,TRUE,FALSE,NULL,FALSE,13,TRUE), (42,'01','Rustic Beach','Rustic Cabin','rb1','D',TRUE,FALSE,FALSE,TRUE,FALSE,NULL,FALSE,39,TRUE), (43,'02','Rustic Beach','Rustic Cabin','rb2','D+S',TRUE,FALSE,FALSE,TRUE,FALSE,NULL,FALSE,40,TRUE), (44,'03','Rustic Beach','Rustic Cabin','rb3','D+S',TRUE,FALSE,FALSE,TRUE,FALSE,NULL,FALSE,41,TRUE), (45,'04','Rustic Beach','Rustic Cabin','rb4','D+S',TRUE,FALSE,FALSE,TRUE,FALSE,NULL,FALSE,42,TRUE), (46,'05','Rustic Beach','Rustic Cabin','rb5','D',TRUE,FALSE,FALSE,TRUE,FALSE,NULL,FALSE,43,TRUE), (47,'06','Rustic Beach','Rustic Cabin','rb6','D',TRUE,FALSE,FALSE,TRUE,FALSE,NULL,FALSE,44,TRUE), (48,'07','Rustic Beach','Rustic Cabin','rb7','D+S',TRUE,FALSE,FALSE,TRUE,FALSE,NULL,FALSE,45,TRUE), (49,'08','Field Cabin','Rustic Cabin','fc8','D',TRUE,FALSE,FALSE,TRUE,FALSE,NULL,FALSE,46,TRUE), (50,'09','Field Cabin','Rustic Cabin','fc9','D',TRUE,FALSE,FALSE,TRUE,FALSE,NULL,FALSE,47,TRUE), (51,'10','Field Cabin','Rustic Cabin','f10','D',TRUE,FALSE,FALSE,TRUE,FALSE,NULL,FALSE,48,TRUE), (52,'11','Field Cabin','Rustic Cabin','f10','K/2S',TRUE,FALSE,FALSE,TRUE,FALSE,NULL,FALSE,49,TRUE), (53,'12','Field Cabin','Rustic Cabin','f12','D+S',TRUE,FALSE,FALSE,TRUE,FALSE,NULL,FALSE,50,TRUE), (54,'14','Field Cabin','Rustic Cabin','f14','D',TRUE,FALSE,FALSE,TRUE,FALSE,NULL,FALSE,51,TRUE), (55,'25','Field Cabin','Rustic Cabin','f25','Q+S',TRUE,FALSE,FALSE,TRUE,FALSE,NULL,FALSE,52,TRUE), (56,'15','Barracks','Barracks','b15','Q/2S',TRUE,FALSE,FALSE,TRUE,FALSE,NULL,FALSE,53,TRUE), (57,'16','Barracks','Barracks','b16','Q/2S',TRUE,FALSE,FALSE,TRUE,FALSE,NULL,FALSE,54,TRUE), (58,'17','Barracks','Barracks','b17','Q/2S',TRUE,FALSE,FALSE,TRUE,FALSE,NULL,FALSE,55,TRUE), (59,'18','Barracks','Barracks','b18','Q/2S',TRUE,FALSE,FALSE,TRUE,FALSE,NULL,FALSE,56,TRUE), (60,'19','Barracks','Barracks','b19','Q/2S',TRUE,FALSE,FALSE,TRUE,FALSE,NULL,FALSE,57,TRUE), (61,'20','Barracks','Barracks','b20','Q/2S',TRUE,FALSE,FALSE,TRUE,FALSE,NULL,FALSE,58,TRUE), (62,'21','Barracks','Barracks','b21','Q/2S',TRUE,FALSE,FALSE,TRUE,FALSE,NULL,FALSE,59,TRUE), (63,'22','Barracks','Barracks','b22','Q/2S',TRUE,FALSE,FALSE,TRUE,FALSE,NULL,FALSE,60,TRUE), (64,'23','Barracks','Barracks','b23','Q/2S',TRUE,FALSE,FALSE,TRUE,FALSE,NULL,FALSE,61,TRUE), (65,'24','Barracks','Barracks','b24','Q/2S',TRUE,FALSE,FALSE,TRUE,FALSE,NULL,FALSE,62,TRUE), (66,NULL,'Extra Room','No Type','ext',NULL,TRUE,FALSE,TRUE,TRUE,FALSE,NULL,FALSE,63,TRUE), (67,NULL,'Mooring Buoy','No Type','boy',NULL,TRUE,FALSE,TRUE,TRUE,FALSE,NULL,FALSE,64,TRUE), (69,NULL,'Xmas1','No Type',NULL,NULL,TRUE,FALSE,FALSE,TRUE,FALSE,NULL,FALSE,65,TRUE), (70,NULL,'Xmas2','No Type',NULL,NULL,TRUE,FALSE,FALSE,TRUE,FALSE,NULL,FALSE,66,TRUE), (71,NULL,'Millie','Private Cabin','MIL','Q&QH',TRUE,FALSE,TRUE,TRUE,FALSE,NULL,FALSE,14,TRUE), (72,NULL,'Lesley','Private Cabin','LES','Q&QH',TRUE,FALSE,TRUE,TRUE,FALSE,NULL,FALSE,15,TRUE);

-- ---- tblRoomRate -> ypl.room_rates ----
INSERT INTO "ypl"."room_rates" ("roomrateid", "roomid", "roomratetype", "roomratecode", "roomrateadditionalfactor", "roomrate", "roomratestartdate", "roomrateenddate", "roomratenotes", "roomratearchive") VALUES (3,15,'Regular','R61',NULL,189.0000,'2010-01-01 00:00:00','2010-09-30 00:00:00',NULL,TRUE), (4,15,'Special','R61',NULL,109.0000,'2010-01-01 00:00:00','2010-09-30 00:00:00',NULL,TRUE), (5,15,'Split','R61',NULL,93.5000,'2010-01-01 00:00:00','2010-09-30 00:00:00',NULL,TRUE), (6,56,'Regular','R11',NULL,137.0000,'2010-01-01 00:00:00','2010-09-30 00:00:00',NULL,FALSE), (7,56,'Special','R22',NULL,75.0000,'2010-01-01 00:00:00','2010-09-30 00:00:00',NULL,FALSE), (8,56,'Split','R54',NULL,68.5000,'2010-01-01 00:00:00','2010-09-30 00:00:00',NULL,FALSE), (9,57,'Regular','R11',NULL,137.0000,'2010-01-01 00:00:00','2010-09-30 00:00:00',NULL,FALSE), (10,57,'Special','R22',NULL,75.0000,'2010-01-01 00:00:00','2010-09-30 00:00:00',NULL,FALSE), (11,57,'Split','R54',NULL,68.5000,'2010-01-01 00:00:00','2010-09-30 00:00:00',NULL,FALSE), (12,58,'Regular','R11',NULL,137.0000,'2010-01-01 00:00:00','2010-09-30 00:00:00',NULL,FALSE), (13,58,'Special','R22',NULL,75.0000,'2010-01-01 00:00:00','2010-09-30 00:00:00',NULL,FALSE), (14,58,'Split','R54',NULL,68.5000,'2010-01-01 00:00:00','2010-09-30 00:00:00',NULL,FALSE), (15,59,'Regular','R11',NULL,137.0000,'2010-01-01 00:00:00','2010-09-30 00:00:00',NULL,FALSE), (16,59,'Special','R22',NULL,75.0000,'2010-01-01 00:00:00','2010-09-30 00:00:00',NULL,FALSE), (17,59,'Split','R54',NULL,68.5000,'2010-01-01 00:00:00','2010-09-30 00:00:00',NULL,FALSE), (18,60,'Regular','R11',NULL,137.0000,'2010-01-01 00:00:00','2010-09-30 00:00:00',NULL,FALSE), (19,60,'Special','R22',NULL,75.0000,'2010-01-01 00:00:00','2010-09-30 00:00:00',NULL,FALSE), (20,60,'Split','R54',NULL,68.5000,'2010-01-01 00:00:00','2010-09-30 00:00:00',NULL,FALSE), (21,61,'Regular','R11',NULL,137.0000,'2010-01-01 00:00:00','2010-09-30 00:00:00',NULL,FALSE), (22,61,'Special','R22',NULL,75.0000,'2010-01-01 00:00:00','2010-09-30 00:00:00',NULL,FALSE), (23,61,'Split','R54',NULL,68.5000,'2010-01-01 00:00:00','2010-09-30 00:00:00',NULL,FALSE), (24,62,'Regular','R11',NULL,137.0000,'2010-01-01 00:00:00','2010-09-30 00:00:00',NULL,FALSE), (25,62,'Special','R22',NULL,75.0000,'2010-01-01 00:00:00','2010-09-30 00:00:00',NULL,FALSE), (26,62,'Split','R54',NULL,68.5000,'2010-01-01 00:00:00','2010-09-30 00:00:00',NULL,FALSE), (27,63,'Regular','R11',NULL,137.0000,'2010-01-01 00:00:00','2010-09-30 00:00:00',NULL,FALSE), (28,63,'Special','R22',NULL,75.0000,'2010-01-01 00:00:00','2010-09-30 00:00:00',NULL,FALSE), (29,63,'Split','R54',NULL,68.5000,'2010-01-01 00:00:00','2010-09-30 00:00:00',NULL,FALSE), (30,64,'Regular','R11',NULL,137.0000,'2010-01-01 00:00:00','2010-09-30 00:00:00',NULL,FALSE), (31,64,'Special','R22',NULL,75.0000,'2010-01-01 00:00:00','2010-09-30 00:00:00',NULL,FALSE), (32,64,'Split','R54',NULL,68.5000,'2010-01-01 00:00:00','2010-09-30 00:00:00',NULL,FALSE), (33,65,'Regular','R11',NULL,137.0000,'2010-01-01 00:00:00','2010-09-30 00:00:00',NULL,FALSE), (34,65,'Special','R22',NULL,75.0000,'2010-01-01 00:00:00','2010-09-30 00:00:00',NULL,FALSE), (35,65,'Split','R54',NULL,68.5000,'2010-01-01 00:00:00','2010-09-30 00:00:00',NULL,FALSE), (36,41,'Regular','R08',NULL,172.0000,'2010-01-01 00:00:00','2010-09-30 00:00:00',NULL,FALSE), (37,41,'Split','R52',NULL,86.0000,'2010-01-01 00:00:00','2010-09-30 00:00:00',NULL,FALSE), (38,41,'Special','R19',NULL,98.0000,'2010-01-01 00:00:00','2010-09-30 00:00:00',NULL,FALSE), (39,22,'Special','R12',NULL,131.0000,'2010-01-01 00:00:00','2010-09-30 00:00:00',NULL,TRUE), (40,22,'Split','R44',NULL,106.0000,'2010-01-01 00:00:00','2010-09-30 00:00:00',NULL,TRUE), (41,22,'Regular','R01',NULL,212.0000,'2010-01-01 00:00:00','2010-09-30 00:00:00',NULL,TRUE), (42,27,'Regular','R01',NULL,212.0000,'2010-01-01 00:00:00','2010-09-30 00:00:00',NULL,FALSE), (43,27,'Special','R12',NULL,131.0000,'2010-01-01 00:00:00','2010-09-30 00:00:00',NULL,FALSE), (44,27,'Split','R44',NULL,106.0000,'2010-01-01 00:00:00','2010-09-30 00:00:00',NULL,FALSE), (45,26,'Regular','R01',NULL,212.0000,'2010-01-01 00:00:00','2010-09-30 00:00:00',NULL,TRUE), (46,26,'Special','R12',NULL,131.0000,'2010-01-01 00:00:00','2010-09-30 00:00:00',NULL,TRUE), (47,26,'Split','R44',NULL,106.0000,'2010-01-01 00:00:00','2010-09-30 00:00:00',NULL,TRUE), (48,66,'Regular','R57',NULL,99.0000,'2010-01-01 00:00:00','2010-09-30 00:00:00',NULL,FALSE), (49,66,'Split','R57',NULL,99.0000,'2010-01-01 00:00:00','2010-09-30 00:00:00',NULL,FALSE), (50,66,'Special','R57',NULL,99.0000,'2010-01-01 00:00:00','2010-09-30 00:00:00',NULL,FALSE), (51,49,'Regular','R10',NULL,137.0000,'2010-01-01 00:00:00','2010-09-30 00:00:00',NULL,FALSE), (52,49,'Special','R21',NULL,75.0000,'2010-01-01 00:00:00','2010-09-30 00:00:00',NULL,FALSE), (53,49,'Split','R53',NULL,68.5000,'2010-01-01 00:00:00','2010-09-30 00:00:00',NULL,FALSE), (54,50,'Regular','R10',NULL,137.0000,'2010-01-01 00:00:00','2010-09-30 00:00:00',NULL,FALSE), (55,50,'Special','R21',NULL,75.0000,'2010-01-01 00:00:00','2010-09-30 00:00:00',NULL,FALSE), (56,50,'Split','R52',NULL,68.5000,'2010-01-01 00:00:00','2010-09-30 00:00:00',NULL,FALSE), (57,51,'Regular','R10',NULL,137.0000,'2010-01-01 00:00:00','2010-09-30 00:00:00',NULL,FALSE), (58,51,'Special','R21',NULL,75.0000,'2010-01-01 00:00:00','2010-09-30 00:00:00',NULL,FALSE), (59,51,'Split','R53',NULL,68.5000,'2010-01-01 00:00:00','2010-09-30 00:00:00',NULL,FALSE), (60,52,'Regular','R10',NULL,137.0000,'2010-01-01 00:00:00','2010-09-30 00:00:00',NULL,FALSE), (61,52,'Special','R21',NULL,75.0000,'2010-01-01 00:00:00','2010-09-30 00:00:00',NULL,FALSE), (62,52,'Split','R53',NULL,68.5000,'2010-01-01 00:00:00','2010-09-30 00:00:00',NULL,FALSE), (63,53,'Regular','R10',NULL,137.0000,'2010-01-01 00:00:00','2010-09-30 00:00:00',NULL,FALSE), (64,53,'Special','R21',NULL,75.0000,'2010-01-01 00:00:00','2010-09-30 00:00:00',NULL,FALSE), (65,53,'Split','R52',NULL,68.5000,'2010-01-01 00:00:00','2010-09-30 00:00:00',NULL,FALSE), (66,54,'Regular','R10',NULL,137.0000,'2010-01-01 00:00:00','2010-09-30 00:00:00',NULL,FALSE), (67,54,'Special','R21',NULL,75.0000,'2010-01-01 00:00:00','2010-09-30 00:00:00',NULL,FALSE), (68,54,'Split','R52',NULL,68.5000,'2010-01-01 00:00:00','2010-09-30 00:00:00',NULL,FALSE), (69,55,'Regular','R10',NULL,137.0000,'2010-01-01 00:00:00','2010-09-30 00:00:00',NULL,FALSE), (70,55,'Special','R21',NULL,75.0000,'2010-01-01 00:00:00','2010-09-30 00:00:00',NULL,FALSE), (71,55,'Split','R53',NULL,68.5000,'2010-01-01 00:00:00','2010-09-30 00:00:00',NULL,FALSE), (72,25,'Regular','R01',NULL,212.0000,'2010-01-01 00:00:00','2010-09-30 00:00:00',NULL,FALSE), (73,25,'Split','R44',NULL,106.0000,'2010-01-01 00:00:00','2010-09-30 00:00:00',NULL,FALSE), (74,25,'Special','R12',NULL,131.0000,'2010-01-01 00:00:00','2010-09-30 00:00:00',NULL,FALSE), (75,6,'Regular','R04',NULL,199.0000,'2010-01-01 00:00:00','2010-09-30 00:00:00',NULL,TRUE), (76,6,'Special','R15',NULL,119.0000,'2010-01-01 00:00:00','2010-09-30 00:00:00',NULL,TRUE), (77,6,'Split','R47',NULL,99.5000,'2010-01-01 00:00:00','2010-09-30 00:00:00',NULL,TRUE), (78,7,'Regular','R04',NULL,199.0000,'2010-01-01 00:00:00','2010-09-30 00:00:00',NULL,TRUE), (79,7,'Special','R15',NULL,119.0000,'2010-01-01 00:00:00','2010-09-30 00:00:00',NULL,TRUE), (80,7,'Split','R47',NULL,99.5000,'2010-01-01 00:00:00','2010-09-30 00:00:00',NULL,TRUE), (81,8,'Regular','R04',NULL,199.0000,'2010-01-01 00:00:00','2010-09-30 00:00:00',NULL,TRUE), (82,8,'Special','R15',NULL,119.0000,'2010-01-01 00:00:00','2010-09-30 00:00:00',NULL,TRUE), (83,8,'Split','R47',NULL,99.5000,'2010-01-01 00:00:00','2010-09-30 00:00:00',NULL,TRUE), (84,9,'Regular','R02',NULL,210.0000,'2010-01-01 00:00:00','2010-09-30 00:00:00',NULL,TRUE), (85,9,'Special','R13',NULL,129.0000,'2010-01-01 00:00:00','2010-09-30 00:00:00',NULL,TRUE), (86,9,'Split','R45',NULL,105.0000,'2010-01-01 00:00:00','2010-09-30 00:00:00',NULL,TRUE), (87,10,'Regular','R02',NULL,210.0000,'2010-01-01 00:00:00','2010-09-30 00:00:00',NULL,TRUE), (88,10,'Special','R13',NULL,129.0000,'2010-01-01 00:00:00','2010-09-30 00:00:00',NULL,TRUE), (89,10,'Split','R45',NULL,105.0000,'2010-01-01 00:00:00','2010-09-30 00:00:00',NULL,TRUE), (90,11,'Regular','R02',NULL,210.0000,'2010-01-01 00:00:00','2010-09-30 00:00:00',NULL,TRUE), (91,11,'Special','R13',NULL,129.0000,'2010-01-01 00:00:00','2010-09-30 00:00:00',NULL,TRUE), (92,11,'Split','R45',NULL,105.0000,'2010-01-01 00:00:00','2010-09-30 00:00:00',NULL,TRUE), (93,12,'Regular','R02',NULL,210.0000,'2010-01-01 00:00:00','2010-09-30 00:00:00',NULL,TRUE), (94,12,'Special','R13',NULL,129.0000,'2010-01-01 00:00:00','2010-09-30 00:00:00',NULL,TRUE), (95,12,'Split','R45',NULL,105.0000,'2010-01-01 00:00:00','2010-09-30 00:00:00',NULL,TRUE), (96,13,'Regular','R02',NULL,210.0000,'2010-01-01 00:00:00','2010-09-30 00:00:00',NULL,TRUE), (97,13,'Special','R13',NULL,129.0000,'2010-01-01 00:00:00','2010-09-30 00:00:00',NULL,TRUE), (98,13,'Split','R45',NULL,105.0000,'2010-01-01 00:00:00','2010-09-30 00:00:00',NULL,TRUE), (99,14,'Regular','R02',NULL,210.0000,'2010-01-01 00:00:00','2010-09-30 00:00:00',NULL,TRUE), (100,14,'Special','R13',NULL,129.0000,'2010-01-01 00:00:00','2010-09-30 00:00:00',NULL,TRUE), (101,14,'Split','R45',NULL,105.0000,'2010-01-01 00:00:00','2010-09-30 00:00:00',NULL,TRUE), (102,28,'Regular','R01',NULL,212.0000,'2010-01-01 00:00:00','2010-09-30 00:00:00',NULL,FALSE), (103,28,'Split','R44',NULL,106.0000,'2010-01-01 00:00:00','2010-09-30 00:00:00',NULL,FALSE), (104,28,'Special','R12',NULL,131.0000,'2010-01-01 00:00:00','2010-09-30 00:00:00',NULL,FALSE), (105,67,'Regular','R59',NULL,137.0000,'2010-01-01 00:00:00','2010-09-30 00:00:00',NULL,FALSE), (106,67,'Special','R59',NULL,75.0000,'2010-01-01 00:00:00','2010-09-30 00:00:00',NULL,FALSE), (107,67,'Split','R59',NULL,68.5000,'2010-01-01 00:00:00','2010-09-30 00:00:00',NULL,FALSE), (108,32,'Regular','R06',NULL,187.0000,'2010-01-01 00:00:00','2010-09-30 00:00:00',NULL,FALSE), (109,32,'Special','R17',NULL,109.0000,'2010-01-01 00:00:00','2010-09-30 00:00:00',NULL,FALSE), (110,32,'Split','R49',NULL,93.5000,'2010-01-01 00:00:00','2010-09-30 00:00:00',NULL,FALSE), (111,33,'Regular','R06',NULL,187.0000,'2010-01-01 00:00:00','2010-09-30 00:00:00',NULL,FALSE), (112,33,'Special','R17',NULL,109.0000,'2010-01-01 00:00:00','2010-09-30 00:00:00',NULL,FALSE), (113,33,'Split','R49',NULL,93.5000,'2010-01-01 00:00:00','2010-09-30 00:00:00',NULL,FALSE), (114,16,'Regular','R60',NULL,222.0000,'2010-01-01 00:00:00','2010-09-30 00:00:00',NULL,TRUE), (115,16,'Special','R60',NULL,137.0000,'2010-01-01 00:00:00','2010-09-30 00:00:00',NULL,TRUE), (116,16,'Split','R60',NULL,111.0000,'2010-01-01 00:00:00','2010-09-30 00:00:00',NULL,TRUE), (117,24,'Regular','R01',NULL,212.0000,'2010-01-01 00:00:00','2010-09-30 00:00:00',NULL,TRUE), (118,24,'Special','R12',NULL,131.0000,'2010-01-01 00:00:00','2010-09-30 00:00:00',NULL,TRUE), (119,24,'Split','R44',NULL,106.0000,'2010-01-01 00:00:00','2010-09-30 00:00:00',NULL,TRUE), (120,42,'Regular','R09',NULL,172.0000,'2010-01-01 00:00:00','2010-09-30 00:00:00',NULL,FALSE), (121,42,'Special','R20',NULL,98.0000,'2010-01-01 00:00:00','2010-09-30 00:00:00',NULL,FALSE), (122,42,'Split','R52',NULL,86.0000,'2010-01-01 00:00:00','2010-09-30 00:00:00',NULL,FALSE), (123,43,'Regular','R09',NULL,172.0000,'2010-01-01 00:00:00','2010-09-30 00:00:00',NULL,FALSE), (124,43,'Special','R20',NULL,98.0000,'2010-01-01 00:00:00','2010-09-30 00:00:00',NULL,FALSE), (125,43,'Split','R52',NULL,86.0000,'2010-01-01 00:00:00','2010-09-30 00:00:00',NULL,FALSE), (126,44,'Regular','R09',NULL,172.0000,'2010-01-01 00:00:00','2010-09-30 00:00:00',NULL,FALSE), (127,44,'Special','R20',NULL,98.0000,'2010-01-01 00:00:00','2010-09-30 00:00:00',NULL,FALSE), (128,44,'Split','R52',NULL,86.0000,'2010-01-01 00:00:00','2010-09-30 00:00:00',NULL,FALSE), (129,45,'Regular','R09',NULL,172.0000,'2010-01-01 00:00:00','2010-09-30 00:00:00',NULL,FALSE), (130,45,'Special','R20',NULL,98.0000,'2010-01-01 00:00:00','2010-09-30 00:00:00',NULL,FALSE), (131,45,'Split','R52',NULL,86.0000,'2010-01-01 00:00:00','2010-09-30 00:00:00',NULL,FALSE), (132,46,'Regular','R09',NULL,172.0000,'2010-01-01 00:00:00','2010-09-30 00:00:00',NULL,FALSE), (133,46,'Special','R20',NULL,98.0000,'2010-01-01 00:00:00','2010-09-30 00:00:00',NULL,FALSE), (134,46,'Split','R52',NULL,86.0000,'2010-01-01 00:00:00','2010-09-30 00:00:00',NULL,FALSE), (135,47,'Regular','R09',NULL,172.0000,'2010-01-01 00:00:00','2010-09-30 00:00:00',NULL,TRUE), (136,47,'Special','R20',NULL,98.0000,'2010-01-01 00:00:00','2010-09-30 00:00:00',NULL,TRUE), (137,47,'Split','R52',NULL,86.0000,'2010-01-01 00:00:00','2010-09-30 00:00:00',NULL,TRUE), (138,48,'Regular','R09',NULL,172.0000,'2010-01-01 00:00:00','2010-09-30 00:00:00',NULL,TRUE), (139,48,'Special','R20',NULL,98.0000,'2010-01-01 00:00:00','2010-09-30 00:00:00',NULL,TRUE), (140,48,'Split','R52',NULL,86.0000,'2010-01-01 00:00:00','2010-09-30 00:00:00',NULL,TRUE), (141,23,'Regular','R01',NULL,212.0000,'2010-01-01 00:00:00','2010-09-30 00:00:00',NULL,TRUE), (142,23,'Split','R44',NULL,106.0000,'2010-01-01 00:00:00','2010-09-30 00:00:00',NULL,TRUE), (143,23,'Special','R12',NULL,131.0000,'2010-01-01 00:00:00','2010-09-30 00:00:00',NULL,TRUE), (144,29,'Regular','R05',NULL,187.0000,'2010-01-01 00:00:00','2010-09-30 00:00:00',NULL,TRUE), (145,29,'Special','R16',NULL,109.0000,'2010-01-01 00:00:00','2010-09-30 00:00:00',NULL,TRUE), (146,29,'Split','R48',NULL,93.5000,'2010-01-01 00:00:00','2010-09-30 00:00:00',NULL,TRUE), (147,30,'Regular','R05',NULL,187.0000,'2010-01-01 00:00:00','2010-09-30 00:00:00',NULL,FALSE), (148,30,'Special','R16',NULL,109.0000,'2010-01-01 00:00:00','2010-09-30 00:00:00',NULL,FALSE), (149,30,'Split','R48',NULL,93.5000,'2010-01-01 00:00:00','2010-09-30 00:00:00',NULL,FALSE), (150,31,'Regular','R05',NULL,187.0000,'2010-01-01 00:00:00','2010-09-30 00:00:00',NULL,FALSE), (151,31,'Special','R16',NULL,109.0000,'2010-01-01 00:00:00','2010-09-30 00:00:00',NULL,FALSE), (152,31,'Split','R48',NULL,93.5000,'2010-01-01 00:00:00','2010-09-30 00:00:00',NULL,FALSE), (153,34,'Regular','R07',NULL,172.0000,'2010-01-01 00:00:00','2010-09-30 00:00:00',NULL,FALSE), (154,34,'Special','R18',NULL,98.0000,'2010-01-01 00:00:00','2010-09-30 00:00:00',NULL,FALSE), (155,34,'Split','R50',NULL,86.0000,'2010-01-01 00:00:00','2010-09-30 00:00:00',NULL,FALSE), (156,35,'Regular','R07',NULL,172.0000,'2010-01-01 00:00:00','2010-09-30 00:00:00',NULL,FALSE), (157,35,'Special','R18',NULL,98.0000,'2010-01-01 00:00:00','2010-09-30 00:00:00',NULL,FALSE), (158,35,'Split','R50',NULL,86.0000,'2010-01-01 00:00:00','2010-09-30 00:00:00',NULL,FALSE), (159,36,'Regular','R07',NULL,172.0000,'2010-01-01 00:00:00','2010-09-30 00:00:00',NULL,FALSE), (160,36,'Special','R18',NULL,98.0000,'2010-01-01 00:00:00','2010-09-30 00:00:00',NULL,FALSE), (161,36,'Split','R50',NULL,86.0000,'2010-01-01 00:00:00','2010-09-30 00:00:00',NULL,FALSE), (162,37,'Regular','R07',NULL,172.0000,'2010-01-01 00:00:00','2010-09-30 00:00:00',NULL,FALSE), (163,37,'Special','R18',NULL,98.0000,'2010-01-01 00:00:00','2010-09-30 00:00:00',NULL,FALSE), (164,37,'Split','R50',NULL,86.0000,'2010-01-01 00:00:00','2010-09-30 00:00:00',NULL,FALSE), (165,38,'Regular','R07',NULL,172.0000,'2010-01-01 00:00:00','2010-09-30 00:00:00',NULL,FALSE), (166,38,'Special','R18',NULL,98.0000,'2010-01-01 00:00:00','2010-09-30 00:00:00',NULL,FALSE), (167,38,'Split','R50',NULL,86.0000,'2010-01-01 00:00:00','2010-09-30 00:00:00',NULL,FALSE), (168,39,'Regular','R07',NULL,172.0000,'2010-01-01 00:00:00','2010-09-30 00:00:00',NULL,FALSE), (169,39,'Special','R18',NULL,98.0000,'2010-01-01 00:00:00','2010-09-30 00:00:00',NULL,FALSE), (170,39,'Split','R50',NULL,86.0000,'2010-01-01 00:00:00','2010-09-30 00:00:00',NULL,FALSE), (171,40,'Regular','R07',NULL,172.0000,'2010-01-01 00:00:00','2010-09-30 00:00:00',NULL,FALSE), (172,40,'Special','R18',NULL,98.0000,'2010-01-01 00:00:00','2010-09-30 00:00:00',NULL,FALSE), (173,40,'Split','R50',NULL,86.0000,'2010-01-01 00:00:00','2010-09-30 00:00:00',NULL,FALSE), (174,17,'Regular','R01',NULL,212.0000,'2010-01-01 00:00:00','2010-09-30 00:00:00',NULL,TRUE), (175,17,'Special','R12',NULL,131.0000,'2010-01-01 00:00:00','2010-09-30 00:00:00',NULL,TRUE), (176,17,'Split','R44',NULL,106.0000,'2010-01-01 00:00:00','2010-09-30 00:00:00',NULL,TRUE), (177,18,'Regular','R01',NULL,212.0000,'2010-01-01 00:00:00','2010-09-30 00:00:00',NULL,TRUE), (178,18,'Special','R12',NULL,131.0000,'2010-01-01 00:00:00','2010-09-30 00:00:00',NULL,TRUE), (179,18,'Split','R44',NULL,106.0000,'2010-01-01 00:00:00','2010-09-30 00:00:00',NULL,TRUE), (180,19,'Regular','R01',NULL,212.0000,'2010-01-01 00:00:00','2010-09-30 00:00:00',NULL,TRUE), (181,19,'Special','R12',NULL,131.0000,'2010-01-01 00:00:00','2010-09-30 00:00:00',NULL,TRUE), (182,19,'Split','R44',NULL,106.0000,'2010-01-01 00:00:00','2010-09-30 00:00:00',NULL,TRUE), (183,20,'Regular','R03',NULL,210.0000,'2010-01-01 00:00:00','2010-09-30 00:00:00',NULL,TRUE), (184,20,'Special','R14',NULL,129.0000,'2010-01-01 00:00:00','2010-09-30 00:00:00',NULL,TRUE), (185,20,'Split','R44',NULL,105.0000,'2010-01-01 00:00:00','2010-09-30 00:00:00',NULL,TRUE), (186,21,'Regular','R01',NULL,210.0000,'2010-01-01 00:00:00','2010-09-30 00:00:00',NULL,TRUE), (187,21,'Special','R14',NULL,129.0000,'2010-01-01 00:00:00','2010-09-30 00:00:00',NULL,TRUE), (188,21,'Split','R46',NULL,105.0000,'2010-01-01 00:00:00','2010-09-30 00:00:00',NULL,TRUE), (376,15,'Regular','R61',NULL,178.0000,'2010-10-01 00:00:00','2011-04-30 00:00:00',NULL,TRUE), (377,15,'Special','R61',NULL,104.0000,'2010-10-01 00:00:00','2011-04-30 00:00:00',NULL,TRUE), (378,15,'Split','R61',NULL,89.0000,'2010-10-01 00:00:00','2011-04-30 00:00:00',NULL,TRUE), (379,56,'Regular','R33',NULL,137.0000,'2010-10-01 00:00:00','2011-04-30 00:00:00',NULL,FALSE), (380,56,'Special','R43',NULL,75.0000,'2010-10-01 00:00:00','2011-04-30 00:00:00',NULL,FALSE), (381,56,'Split','R74',NULL,68.5000,'2010-10-01 00:00:00','2011-04-30 00:00:00',NULL,FALSE), (382,57,'Regular','R33',NULL,137.0000,'2010-10-01 00:00:00','2011-04-30 00:00:00',NULL,FALSE), (383,57,'Special','R43',NULL,75.0000,'2010-10-01 00:00:00','2011-04-30 00:00:00',NULL,FALSE), (384,57,'Split','R74',NULL,68.5000,'2010-10-01 00:00:00','2011-04-30 00:00:00',NULL,FALSE), (385,58,'Regular','R33',NULL,137.0000,'2010-10-01 00:00:00','2011-04-30 00:00:00',NULL,FALSE), (386,58,'Special','R43',NULL,75.0000,'2010-10-01 00:00:00','2011-04-30 00:00:00',NULL,FALSE), (387,58,'Split','R74',NULL,68.5000,'2010-10-01 00:00:00','2011-04-30 00:00:00',NULL,FALSE), (388,59,'Regular','R33',NULL,137.0000,'2010-10-01 00:00:00','2011-04-30 00:00:00',NULL,FALSE), (389,59,'Special','R43',NULL,75.0000,'2010-10-01 00:00:00','2011-04-30 00:00:00',NULL,FALSE), (390,59,'Split','R74',NULL,68.5000,'2010-10-01 00:00:00','2011-04-30 00:00:00',NULL,FALSE), (391,60,'Regular','R33',NULL,137.0000,'2010-10-01 00:00:00','2011-04-30 00:00:00',NULL,FALSE), (392,60,'Special','R43',NULL,75.0000,'2010-10-01 00:00:00','2011-04-30 00:00:00',NULL,FALSE), (393,60,'Split','R74',NULL,68.5000,'2010-10-01 00:00:00','2011-04-30 00:00:00',NULL,FALSE), (394,61,'Regular','R33',NULL,137.0000,'2010-10-01 00:00:00','2011-04-30 00:00:00',NULL,FALSE), (395,61,'Special','R43',NULL,75.0000,'2010-10-01 00:00:00','2011-04-30 00:00:00',NULL,FALSE), (396,61,'Split','R74',NULL,68.5000,'2010-10-01 00:00:00','2011-04-30 00:00:00',NULL,FALSE), (397,62,'Regular','R33',NULL,137.0000,'2010-10-01 00:00:00','2011-04-30 00:00:00',NULL,FALSE), (398,62,'Special','R43',NULL,75.0000,'2010-10-01 00:00:00','2011-04-30 00:00:00',NULL,FALSE), (399,62,'Split','R74',NULL,68.5000,'2010-10-01 00:00:00','2011-04-30 00:00:00',NULL,FALSE), (400,63,'Regular','R33',NULL,137.0000,'2010-10-01 00:00:00','2011-04-30 00:00:00',NULL,FALSE), (401,63,'Special','R43',NULL,75.0000,'2010-10-01 00:00:00','2011-04-30 00:00:00',NULL,FALSE), (402,63,'Split','R74',NULL,68.5000,'2010-10-01 00:00:00','2011-04-30 00:00:00',NULL,FALSE), (403,64,'Regular','R33',NULL,137.0000,'2010-10-01 00:00:00','2011-04-30 00:00:00',NULL,FALSE), (404,64,'Special','R43',NULL,75.0000,'2010-10-01 00:00:00','2011-04-30 00:00:00',NULL,FALSE), (405,64,'Split','R74',NULL,68.5000,'2010-10-01 00:00:00','2011-04-30 00:00:00',NULL,FALSE), (406,65,'Regular','R33',NULL,137.0000,'2010-10-01 00:00:00','2011-04-30 00:00:00',NULL,FALSE), (407,65,'Special','R43',NULL,75.0000,'2010-10-01 00:00:00','2011-04-30 00:00:00',NULL,FALSE), (408,65,'Split','R74',NULL,68.5000,'2010-10-01 00:00:00','2011-04-30 00:00:00',NULL,FALSE), (409,41,'Regular','R30',NULL,163.0000,'2010-10-01 00:00:00','2011-04-30 00:00:00',NULL,FALSE), (410,41,'Split','R64',NULL,81.5000,'2010-10-01 00:00:00','2011-04-30 00:00:00',NULL,FALSE), (411,41,'Special','R40',NULL,93.0000,'2010-10-01 00:00:00','2011-04-30 00:00:00',NULL,FALSE), (412,22,'Special','R34',NULL,124.0000,'2010-10-01 00:00:00','2011-04-30 00:00:00',NULL,TRUE), (413,22,'Split','R73',NULL,100.5000,'2010-10-01 00:00:00','2011-04-30 00:00:00',NULL,TRUE), (414,22,'Regular','R23',NULL,201.0000,'2010-10-01 00:00:00','2011-04-30 00:00:00',NULL,TRUE), (415,27,'Regular','R23',NULL,201.0000,'2010-10-01 00:00:00','2011-04-30 00:00:00',NULL,FALSE), (416,27,'Special','R34',NULL,124.0000,'2010-10-01 00:00:00','2011-04-30 00:00:00',NULL,FALSE), (417,27,'Split','R73',NULL,100.5000,'2010-10-01 00:00:00','2011-04-30 00:00:00',NULL,FALSE), (418,26,'Regular','R23',NULL,201.0000,'2010-10-01 00:00:00','2011-04-30 00:00:00',NULL,TRUE), (419,26,'Special','R34',NULL,124.0000,'2010-10-01 00:00:00','2011-04-30 00:00:00',NULL,TRUE), (420,26,'Split','R73',NULL,100.5000,'2010-10-01 00:00:00','2011-04-30 00:00:00',NULL,TRUE), (421,66,'Regular','R57',NULL,99.0000,'2010-10-01 00:00:00','2011-04-30 00:00:00',NULL,FALSE), (422,66,'Split','R57',NULL,99.0000,'2010-10-01 00:00:00','2011-04-30 00:00:00',NULL,FALSE), (423,66,'Special','R57',NULL,99.0000,'2010-10-01 00:00:00','2011-04-30 00:00:00',NULL,FALSE), (424,49,'Regular','R31',NULL,137.0000,'2010-10-01 00:00:00','2011-04-30 00:00:00',NULL,FALSE), (425,49,'Special','R41',NULL,75.0000,'2010-10-01 00:00:00','2011-04-30 00:00:00',NULL,FALSE), (426,49,'Split','R63',NULL,68.5000,'2010-10-01 00:00:00','2011-04-30 00:00:00',NULL,FALSE), (427,50,'Regular','R31',NULL,137.0000,'2010-10-01 00:00:00','2011-04-30 00:00:00',NULL,FALSE), (428,50,'Special','R41',NULL,75.0000,'2010-10-01 00:00:00','2011-04-30 00:00:00',NULL,FALSE), (429,50,'Split','R63',NULL,68.5000,'2010-10-01 00:00:00','2011-04-30 00:00:00',NULL,FALSE), (430,51,'Regular','R31',NULL,137.0000,'2010-10-01 00:00:00','2011-04-30 00:00:00',NULL,FALSE), (431,51,'Special','R41',NULL,75.0000,'2010-10-01 00:00:00','2011-04-30 00:00:00',NULL,FALSE), (432,51,'Split','R63',NULL,68.5000,'2010-10-01 00:00:00','2011-04-30 00:00:00',NULL,FALSE), (433,52,'Regular','R32',NULL,137.0000,'2010-10-01 00:00:00','2011-04-30 00:00:00',NULL,FALSE), (434,52,'Special','R42',NULL,75.0000,'2010-10-01 00:00:00','2011-04-30 00:00:00',NULL,FALSE), (435,52,'Split','R63',NULL,68.5000,'2010-10-01 00:00:00','2011-04-30 00:00:00',NULL,FALSE), (436,53,'Regular','R32',NULL,137.0000,'2010-10-01 00:00:00','2011-04-30 00:00:00',NULL,FALSE), (437,53,'Special','R41',NULL,75.0000,'2010-10-01 00:00:00','2011-04-30 00:00:00',NULL,FALSE), (438,53,'Split','R63',NULL,68.5000,'2010-10-01 00:00:00','2011-04-30 00:00:00',NULL,FALSE), (439,54,'Regular','R32',NULL,137.0000,'2010-10-01 00:00:00','2011-04-30 00:00:00',NULL,FALSE), (440,54,'Special','R42',NULL,75.0000,'2010-10-01 00:00:00','2011-04-30 00:00:00',NULL,FALSE), (441,54,'Split','R63',NULL,68.5000,'2010-10-01 00:00:00','2011-04-30 00:00:00',NULL,FALSE), (442,55,'Regular','R31',NULL,137.0000,'2010-10-01 00:00:00','2011-04-30 00:00:00',NULL,FALSE), (443,55,'Special','R41',NULL,75.0000,'2010-10-01 00:00:00','2011-04-30 00:00:00',NULL,FALSE), (444,55,'Split','R63',NULL,68.5000,'2010-10-01 00:00:00','2011-04-30 00:00:00',NULL,FALSE), (445,25,'Regular','R23',NULL,201.0000,'2010-10-01 00:00:00','2011-04-30 00:00:00',NULL,FALSE), (446,25,'Split','R73',NULL,100.5000,'2010-10-01 00:00:00','2011-04-30 00:00:00',NULL,FALSE), (447,25,'Special','R34',NULL,124.0000,'2010-10-01 00:00:00','2011-04-30 00:00:00',NULL,FALSE), (448,6,'Regular','R26',NULL,189.0000,'2010-10-01 00:00:00','2011-04-30 00:00:00',NULL,TRUE), (449,6,'Special','R36',NULL,113.0000,'2010-10-01 00:00:00','2011-04-30 00:00:00',NULL,TRUE), (450,6,'Split','R69',NULL,94.5000,'2010-10-01 00:00:00','2011-04-30 00:00:00',NULL,TRUE), (451,7,'Regular','R26',NULL,189.0000,'2010-10-01 00:00:00','2011-04-30 00:00:00',NULL,TRUE), (452,7,'Special','R36',NULL,113.0000,'2010-10-01 00:00:00','2011-04-30 00:00:00',NULL,TRUE), (453,7,'Split','R69',NULL,94.5000,'2010-10-01 00:00:00','2011-04-30 00:00:00',NULL,TRUE), (454,8,'Regular','R26',NULL,189.0000,'2010-10-01 00:00:00','2011-04-30 00:00:00',NULL,TRUE), (455,8,'Special','R36',NULL,113.0000,'2010-10-01 00:00:00','2011-04-30 00:00:00',NULL,TRUE), (456,8,'Split','R69',NULL,94.5000,'2010-10-01 00:00:00','2011-04-30 00:00:00',NULL,TRUE), (457,9,'Regular','R24',NULL,200.0000,'2010-10-01 00:00:00','2011-04-30 00:00:00',NULL,TRUE), (458,9,'Special','R35',NULL,123.0000,'2010-10-01 00:00:00','2011-04-30 00:00:00',NULL,TRUE), (459,9,'Split','R70',NULL,100.0000,'2010-10-01 00:00:00','2011-04-30 00:00:00',NULL,TRUE), (460,10,'Regular','R24',NULL,200.0000,'2010-10-01 00:00:00','2011-04-30 00:00:00',NULL,TRUE), (461,10,'Special','R35',NULL,123.0000,'2010-10-01 00:00:00','2011-04-30 00:00:00',NULL,TRUE), (462,10,'Split','R70',NULL,100.0000,'2010-10-01 00:00:00','2011-04-30 00:00:00',NULL,TRUE), (463,11,'Regular','R24',NULL,200.0000,'2010-10-01 00:00:00','2011-04-30 00:00:00',NULL,TRUE), (464,11,'Special','R35',NULL,123.0000,'2010-10-01 00:00:00','2011-04-30 00:00:00',NULL,TRUE), (465,11,'Split','R70',NULL,100.0000,'2010-10-01 00:00:00','2011-04-30 00:00:00',NULL,TRUE), (466,12,'Regular','R24',NULL,200.0000,'2010-10-01 00:00:00','2011-04-30 00:00:00',NULL,TRUE), (467,12,'Special','R35',NULL,123.0000,'2010-10-01 00:00:00','2011-04-30 00:00:00',NULL,TRUE), (468,12,'Split','R70',NULL,100.0000,'2010-10-01 00:00:00','2011-04-30 00:00:00',NULL,TRUE), (469,13,'Regular','R24',NULL,200.0000,'2010-10-01 00:00:00','2011-04-30 00:00:00',NULL,TRUE), (470,13,'Special','R35',NULL,123.0000,'2010-10-01 00:00:00','2011-04-30 00:00:00',NULL,TRUE), (471,13,'Split','R70',NULL,100.0000,'2010-10-01 00:00:00','2011-04-30 00:00:00',NULL,TRUE), (472,14,'Regular','R24',NULL,200.0000,'2010-10-01 00:00:00','2011-04-30 00:00:00',NULL,TRUE), (473,14,'Special','R35',NULL,123.0000,'2010-10-01 00:00:00','2011-04-30 00:00:00',NULL,TRUE), (474,14,'Split','R70',NULL,100.0000,'2010-10-01 00:00:00','2011-04-30 00:00:00',NULL,TRUE), (475,28,'Regular','R23',NULL,201.0000,'2010-10-01 00:00:00','2011-04-30 00:00:00',NULL,FALSE), (476,28,'Split','R73',NULL,100.5000,'2010-10-01 00:00:00','2011-04-30 00:00:00',NULL,FALSE), (477,28,'Special','R34',NULL,124.0000,'2010-10-01 00:00:00','2011-04-30 00:00:00',NULL,FALSE), (478,67,'Regular','R59',NULL,137.0000,'2010-10-01 00:00:00','2011-04-30 00:00:00',NULL,FALSE), (479,67,'Special','R59',NULL,75.0000,'2010-10-01 00:00:00','2011-04-30 00:00:00',NULL,FALSE), (480,67,'Split','R59',NULL,68.5000,'2010-10-01 00:00:00','2011-04-30 00:00:00',NULL,FALSE), (481,32,'Regular','R28',NULL,178.0000,'2010-10-01 00:00:00','2011-04-30 00:00:00',NULL,FALSE), (482,32,'Special','R38',NULL,104.0000,'2010-10-01 00:00:00','2011-04-30 00:00:00',NULL,FALSE), (483,32,'Split','R67',NULL,89.0000,'2010-10-01 00:00:00','2011-04-30 00:00:00',NULL,FALSE), (484,33,'Regular','R28',NULL,178.0000,'2010-10-01 00:00:00','2011-04-30 00:00:00',NULL,FALSE), (485,33,'Special','R38',NULL,104.0000,'2010-10-01 00:00:00','2011-04-30 00:00:00',NULL,FALSE), (486,33,'Split','R67',NULL,89.0000,'2010-10-01 00:00:00','2011-04-30 00:00:00',NULL,FALSE), (487,16,'Regular','R60',NULL,211.0000,'2010-10-01 00:00:00','2011-04-30 00:00:00',NULL,TRUE), (488,16,'Special','R60',NULL,130.0000,'2010-10-01 00:00:00','2011-04-30 00:00:00',NULL,TRUE), (489,16,'Split','R60',NULL,105.5000,'2010-10-01 00:00:00','2011-04-30 00:00:00',NULL,TRUE), (490,24,'Regular','R23',NULL,201.0000,'2010-10-01 00:00:00','2011-04-30 00:00:00',NULL,TRUE), (491,24,'Special','R34',NULL,124.0000,'2010-10-01 00:00:00','2011-04-30 00:00:00',NULL,TRUE), (492,24,'Split','R73',NULL,100.5000,'2010-10-01 00:00:00','2011-04-30 00:00:00',NULL,TRUE), (493,42,'Regular','R31',NULL,163.0000,'2010-10-01 00:00:00','2011-04-30 00:00:00',NULL,FALSE), (494,42,'Special','R41',NULL,93.0000,'2010-10-01 00:00:00','2011-04-30 00:00:00',NULL,FALSE), (495,42,'Split','R65',NULL,81.5000,'2010-10-01 00:00:00','2011-04-30 00:00:00',NULL,FALSE), (496,43,'Regular','R31',NULL,163.0000,'2010-10-01 00:00:00','2011-04-30 00:00:00',NULL,FALSE), (497,43,'Special','R41',NULL,93.0000,'2010-10-01 00:00:00','2011-04-30 00:00:00',NULL,FALSE), (498,43,'Split','R65',NULL,81.5000,'2010-10-01 00:00:00','2011-04-30 00:00:00',NULL,FALSE), (499,44,'Regular','R31',NULL,163.0000,'2010-10-01 00:00:00','2011-04-30 00:00:00',NULL,FALSE), (500,44,'Special','R41',NULL,93.0000,'2010-10-01 00:00:00','2011-04-30 00:00:00',NULL,FALSE), (501,44,'Split','R65',NULL,81.5000,'2010-10-01 00:00:00','2011-04-30 00:00:00',NULL,FALSE), (502,45,'Regular','R31',NULL,163.0000,'2010-10-01 00:00:00','2011-04-30 00:00:00',NULL,FALSE), (503,45,'Special','R41',NULL,93.0000,'2010-10-01 00:00:00','2011-04-30 00:00:00',NULL,FALSE), (504,45,'Split','R65',NULL,81.5000,'2010-10-01 00:00:00','2011-04-30 00:00:00',NULL,FALSE), (505,46,'Regular','R31',NULL,163.0000,'2010-10-01 00:00:00','2011-04-30 00:00:00',NULL,FALSE), (506,46,'Special','R41',NULL,93.0000,'2010-10-01 00:00:00','2011-04-30 00:00:00',NULL,FALSE), (507,46,'Split','R65',NULL,81.5000,'2010-10-01 00:00:00','2011-04-30 00:00:00',NULL,FALSE), (508,47,'Regular','R31',NULL,163.0000,'2010-10-01 00:00:00','2011-04-30 00:00:00',NULL,TRUE), (509,47,'Special','R41',NULL,93.0000,'2010-10-01 00:00:00','2011-04-30 00:00:00',NULL,TRUE), (510,47,'Split','R65',NULL,81.5000,'2010-10-01 00:00:00','2011-04-30 00:00:00',NULL,TRUE), (511,48,'Regular','R31',NULL,163.0000,'2010-10-01 00:00:00','2011-04-30 00:00:00',NULL,TRUE), (512,48,'Special','R41',NULL,93.0000,'2010-10-01 00:00:00','2011-04-30 00:00:00',NULL,TRUE), (513,48,'Split','R65',NULL,81.5000,'2010-10-01 00:00:00','2011-04-30 00:00:00',NULL,TRUE), (514,23,'Regular','R23',NULL,201.0000,'2010-10-01 00:00:00','2011-04-30 00:00:00',NULL,TRUE), (515,23,'Split','R73',NULL,100.5000,'2010-10-01 00:00:00','2011-04-30 00:00:00',NULL,TRUE), (516,23,'Special','R34',NULL,124.0000,'2010-10-01 00:00:00','2011-04-30 00:00:00',NULL,TRUE), (517,29,'Regular','R27',NULL,178.0000,'2010-10-01 00:00:00','2011-04-30 00:00:00',NULL,TRUE), (518,29,'Special','R37',NULL,104.0000,'2010-10-01 00:00:00','2011-04-30 00:00:00',NULL,TRUE), (519,29,'Split','R68',NULL,89.0000,'2010-10-01 00:00:00','2011-04-30 00:00:00',NULL,TRUE), (520,30,'Regular','R27',NULL,178.0000,'2010-10-01 00:00:00','2011-04-30 00:00:00',NULL,FALSE), (521,30,'Special','R37',NULL,104.0000,'2010-10-01 00:00:00','2011-04-30 00:00:00',NULL,FALSE), (522,30,'Split','R68',NULL,89.0000,'2010-10-01 00:00:00','2011-04-30 00:00:00',NULL,FALSE), (523,31,'Regular','R27',NULL,178.0000,'2010-10-01 00:00:00','2011-04-30 00:00:00',NULL,FALSE), (524,31,'Special','R37',NULL,104.0000,'2010-10-01 00:00:00','2011-04-30 00:00:00',NULL,FALSE), (525,31,'Split','R68',NULL,89.0000,'2010-10-01 00:00:00','2011-04-30 00:00:00',NULL,FALSE), (526,34,'Regular','R29',NULL,163.0000,'2010-10-01 00:00:00','2011-04-30 00:00:00',NULL,FALSE), (527,34,'Special','R39',NULL,93.0000,'2010-10-01 00:00:00','2011-04-30 00:00:00',NULL,FALSE), (528,34,'Split','R66',NULL,81.5000,'2010-10-01 00:00:00','2011-04-30 00:00:00',NULL,FALSE), (529,35,'Regular','R29',NULL,163.0000,'2010-10-01 00:00:00','2011-04-30 00:00:00',NULL,FALSE), (530,35,'Special','R39',NULL,93.0000,'2010-10-01 00:00:00','2011-04-30 00:00:00',NULL,FALSE), (531,35,'Split','R66',NULL,81.5000,'2010-10-01 00:00:00','2011-04-30 00:00:00',NULL,FALSE), (532,36,'Regular','R29',NULL,163.0000,'2010-10-01 00:00:00','2011-04-30 00:00:00',NULL,FALSE), (533,36,'Special','R39',NULL,93.0000,'2010-10-01 00:00:00','2011-04-30 00:00:00',NULL,FALSE), (534,36,'Split','R66',NULL,81.5000,'2010-10-01 00:00:00','2011-04-30 00:00:00',NULL,FALSE), (535,37,'Regular','R29',NULL,163.0000,'2010-10-01 00:00:00','2011-04-30 00:00:00',NULL,FALSE), (536,37,'Special','R39',NULL,93.0000,'2010-10-01 00:00:00','2011-04-30 00:00:00',NULL,FALSE), (537,37,'Split','R66',NULL,81.5000,'2010-10-01 00:00:00','2011-04-30 00:00:00',NULL,FALSE), (538,38,'Regular','R29',NULL,163.0000,'2010-10-01 00:00:00','2011-04-30 00:00:00',NULL,FALSE), (539,38,'Special','R39',NULL,93.0000,'2010-10-01 00:00:00','2011-04-30 00:00:00',NULL,FALSE), (540,38,'Split','R66',NULL,81.5000,'2010-10-01 00:00:00','2011-04-30 00:00:00',NULL,FALSE), (541,39,'Regular','R29',NULL,163.0000,'2010-10-01 00:00:00','2011-04-30 00:00:00',NULL,FALSE), (542,39,'Special','R39',NULL,93.0000,'2010-10-01 00:00:00','2011-04-30 00:00:00',NULL,FALSE), (543,39,'Split','R66',NULL,81.5000,'2010-10-01 00:00:00','2011-04-30 00:00:00',NULL,FALSE), (544,40,'Regular','R29',NULL,163.0000,'2010-10-01 00:00:00','2011-04-30 00:00:00',NULL,FALSE), (545,40,'Special','R39',NULL,93.0000,'2010-10-01 00:00:00','2011-04-30 00:00:00',NULL,FALSE), (546,40,'Split','R66',NULL,81.5000,'2010-10-01 00:00:00','2011-04-30 00:00:00',NULL,FALSE), (547,17,'Regular','R23',NULL,201.0000,'2010-10-01 00:00:00','2011-04-30 00:00:00',NULL,TRUE), (548,17,'Special','R34',NULL,124.0000,'2010-10-01 00:00:00','2011-04-30 00:00:00',NULL,TRUE), (549,17,'Split','R73',NULL,100.5000,'2010-10-01 00:00:00','2011-04-30 00:00:00',NULL,TRUE), (550,18,'Regular','R23',NULL,201.0000,'2010-10-01 00:00:00','2011-04-30 00:00:00',NULL,TRUE), (551,18,'Special','R34',NULL,124.0000,'2010-10-01 00:00:00','2011-04-30 00:00:00',NULL,TRUE), (552,18,'Split','R73',NULL,100.5000,'2010-10-01 00:00:00','2011-04-30 00:00:00',NULL,TRUE), (553,19,'Regular','R23',NULL,201.0000,'2010-10-01 00:00:00','2011-04-30 00:00:00',NULL,TRUE), (554,19,'Special','R34',NULL,124.0000,'2010-10-01 00:00:00','2011-04-30 00:00:00',NULL,TRUE), (555,19,'Split','R73',NULL,100.5000,'2010-10-01 00:00:00','2011-04-30 00:00:00',NULL,TRUE), (556,20,'Regular','R25',NULL,200.0000,'2010-10-01 00:00:00','2011-04-30 00:00:00',NULL,TRUE), (557,20,'Special','R34',NULL,123.0000,'2010-10-01 00:00:00','2011-04-30 00:00:00',NULL,TRUE), (558,20,'Split','R71',NULL,100.0000,'2010-10-01 00:00:00','2011-04-30 00:00:00',NULL,TRUE), (559,21,'Regular','R25',NULL,200.0000,'2010-10-01 00:00:00','2011-04-30 00:00:00',NULL,TRUE), (560,21,'Special','R34',NULL,123.0000,'2010-10-01 00:00:00','2011-04-30 00:00:00',NULL,TRUE), (561,21,'Split','R71',NULL,100.0000,'2010-10-01 00:00:00','2011-04-30 00:00:00',NULL,TRUE), (562,15,'Regular','R61',NULL,330.0000,'2016-01-02 00:00:00','2029-01-02 00:00:00',NULL,FALSE), (563,15,'Special','R61',NULL,189.0000,'2016-01-02 00:00:00','2029-01-02 00:00:00',NULL,FALSE), (564,15,'Split','R61',NULL,165.0000,'2016-01-02 00:00:00','2029-01-02 00:00:00',NULL,FALSE), (565,56,'Regular','R11',NULL,256.0000,'2016-01-02 00:00:00','2029-01-02 00:00:00',NULL,FALSE), (566,56,'Special','R22',NULL,136.0000,'2016-01-02 00:00:00','2029-01-02 00:00:00',NULL,FALSE), (567,56,'Split','R54',NULL,128.0000,'2016-01-02 00:00:00','2029-01-02 00:00:00',NULL,FALSE), (568,57,'Regular','R11',NULL,256.0000,'2016-01-02 00:00:00','2029-01-02 00:00:00',NULL,FALSE), (569,57,'Special','R22',NULL,136.0000,'2016-01-02 00:00:00','2029-01-02 00:00:00',NULL,FALSE), (570,57,'Split','R54',NULL,128.0000,'2016-01-02 00:00:00','2029-01-02 00:00:00',NULL,FALSE), (571,58,'Regular','R11',NULL,256.0000,'2016-01-02 00:00:00','2029-01-02 00:00:00',NULL,FALSE), (572,58,'Special','R22',NULL,136.0000,'2016-01-02 00:00:00','2029-01-02 00:00:00',NULL,FALSE), (573,58,'Split','R54',NULL,128.0000,'2016-01-02 00:00:00','2029-01-02 00:00:00',NULL,FALSE), (574,59,'Regular','R11',NULL,256.0000,'2016-01-02 00:00:00','2029-01-02 00:00:00',NULL,FALSE), (575,59,'Special','R22',NULL,136.0000,'2016-01-02 00:00:00','2029-01-02 00:00:00',NULL,FALSE), (576,59,'Split','R54',NULL,128.0000,'2016-01-02 00:00:00','2029-01-02 00:00:00',NULL,FALSE), (577,60,'Regular','R11',NULL,256.0000,'2016-01-02 00:00:00','2029-01-02 00:00:00',NULL,FALSE), (578,60,'Special','R22',NULL,136.0000,'2016-01-02 00:00:00','2029-01-02 00:00:00',NULL,FALSE), (579,60,'Split','R54',NULL,128.0000,'2016-01-02 00:00:00','2029-01-02 00:00:00',NULL,FALSE), (580,61,'Regular','R11',NULL,256.0000,'2016-01-02 00:00:00','2029-01-02 00:00:00',NULL,FALSE), (581,61,'Special','R22',NULL,136.0000,'2016-01-02 00:00:00','2029-01-02 00:00:00',NULL,FALSE), (582,61,'Split','R54',NULL,128.0000,'2016-01-02 00:00:00','2029-01-02 00:00:00',NULL,FALSE), (583,62,'Regular','R11',NULL,256.0000,'2016-01-02 00:00:00','2029-01-02 00:00:00',NULL,FALSE), (584,62,'Special','R22',NULL,136.0000,'2016-01-02 00:00:00','2029-01-02 00:00:00',NULL,FALSE), (585,62,'Split','R54',NULL,128.0000,'2016-01-02 00:00:00','2029-01-02 00:00:00',NULL,FALSE), (586,63,'Regular','R11',NULL,256.0000,'2016-01-02 00:00:00','2029-01-02 00:00:00',NULL,FALSE), (587,63,'Special','R22',NULL,136.0000,'2016-01-02 00:00:00','2029-01-02 00:00:00',NULL,FALSE), (588,63,'Split','R54',NULL,128.0000,'2016-01-02 00:00:00','2029-01-02 00:00:00',NULL,FALSE), (589,64,'Regular','R11',NULL,256.0000,'2016-01-02 00:00:00','2029-01-02 00:00:00',NULL,FALSE), (590,64,'Special','R22',NULL,136.0000,'2016-01-02 00:00:00','2029-01-02 00:00:00',NULL,FALSE), (591,64,'Split','R54',NULL,128.0000,'2016-01-02 00:00:00','2029-01-02 00:00:00',NULL,FALSE), (592,65,'Regular','R11',NULL,256.0000,'2016-01-02 00:00:00','2029-01-02 00:00:00',NULL,FALSE), (593,65,'Special','R22',NULL,136.0000,'2016-01-02 00:00:00','2029-01-02 00:00:00',NULL,FALSE), (594,65,'Split','R54',NULL,128.0000,'2016-01-02 00:00:00','2029-01-02 00:00:00',NULL,FALSE), (595,41,'Regular','R08',NULL,293.0000,'2016-01-02 00:00:00','2029-01-02 00:00:00',NULL,FALSE), (596,41,'Split','R52',NULL,146.5000,'2016-01-02 00:00:00','2029-01-02 00:00:00',NULL,FALSE), (597,41,'Special','R19',NULL,161.0000,'2016-01-02 00:00:00','2029-01-02 00:00:00',NULL,FALSE), (598,22,'Special','R12',NULL,198.0000,'2016-01-02 00:00:00','2029-01-02 00:00:00',NULL,FALSE), (599,22,'Split','R44',NULL,168.5000,'2016-01-02 00:00:00','2029-01-02 00:00:00',NULL,FALSE), (600,22,'Regular','R01',NULL,337.0000,'2016-01-02 00:00:00','2029-01-02 00:00:00',NULL,FALSE), (601,27,'Regular','R01',NULL,337.0000,'2016-01-02 00:00:00','2029-01-02 00:00:00',NULL,FALSE), (602,27,'Special','R12',NULL,198.0000,'2016-01-02 00:00:00','2029-01-02 00:00:00',NULL,FALSE), (603,27,'Split','R44',NULL,168.5000,'2016-01-02 00:00:00','2029-01-02 00:00:00',NULL,FALSE), (604,26,'Regular','R01',NULL,337.0000,'2016-01-02 00:00:00','2029-01-02 00:00:00',NULL,FALSE), (605,26,'Special','R12',NULL,198.0000,'2016-01-02 00:00:00','2029-01-02 00:00:00',NULL,FALSE), (606,26,'Split','R44',NULL,168.5000,'2016-01-02 00:00:00','2029-01-02 00:00:00',NULL,FALSE), (607,66,'Regular','R57',NULL,130.0000,'2016-01-02 00:00:00','2029-01-02 00:00:00',NULL,FALSE), (608,66,'Split','R57',NULL,130.0000,'2016-01-02 00:00:00','2029-01-02 00:00:00',NULL,FALSE), (609,66,'Special','R57',NULL,130.0000,'2016-01-02 00:00:00','2029-01-02 00:00:00',NULL,FALSE), (610,49,'Regular','R10',NULL,254.0000,'2016-01-02 00:00:00','2029-01-02 00:00:00',NULL,FALSE), (611,49,'Special','R21',NULL,136.0000,'2016-01-02 00:00:00','2029-01-02 00:00:00',NULL,FALSE), (612,49,'Split','R53',NULL,127.0000,'2016-01-02 00:00:00','2029-01-02 00:00:00',NULL,FALSE), (613,50,'Regular','R10',NULL,254.0000,'2016-01-02 00:00:00','2029-01-02 00:00:00',NULL,FALSE), (614,50,'Special','R21',NULL,136.0000,'2016-01-02 00:00:00','2029-01-02 00:00:00',NULL,FALSE), (615,50,'Split','R53',NULL,127.0000,'2016-01-02 00:00:00','2029-01-02 00:00:00',NULL,FALSE), (616,51,'Regular','R10',NULL,254.0000,'2016-01-02 00:00:00','2029-01-02 00:00:00',NULL,FALSE), (617,51,'Special','R21',NULL,136.0000,'2016-01-02 00:00:00','2029-01-02 00:00:00',NULL,FALSE), (618,51,'Split','R53',NULL,127.0000,'2016-01-02 00:00:00','2029-01-02 00:00:00',NULL,FALSE), (619,52,'Regular','R10',NULL,254.0000,'2016-01-02 00:00:00','2029-01-02 00:00:00',NULL,FALSE), (620,52,'Special','R21',NULL,136.0000,'2016-01-02 00:00:00','2029-01-02 00:00:00',NULL,FALSE), (621,52,'Split','R53',NULL,127.0000,'2016-01-02 00:00:00','2029-01-02 00:00:00',NULL,FALSE), (622,53,'Regular','R10',NULL,254.0000,'2016-01-02 00:00:00','2029-01-02 00:00:00',NULL,FALSE), (623,53,'Special','R21',NULL,136.0000,'2016-01-02 00:00:00','2029-01-02 00:00:00',NULL,FALSE), (624,53,'Split','R53',NULL,127.0000,'2016-01-02 00:00:00','2029-01-02 00:00:00',NULL,FALSE), (625,54,'Regular','R10',NULL,254.0000,'2016-01-02 00:00:00','2029-01-02 00:00:00',NULL,FALSE), (626,54,'Special','R21',NULL,136.0000,'2016-01-02 00:00:00','2029-01-02 00:00:00',NULL,FALSE), (627,54,'Split','R53',NULL,127.0000,'2016-01-02 00:00:00','2029-01-02 00:00:00',NULL,FALSE), (628,55,'Regular','R10',NULL,254.0000,'2016-01-02 00:00:00','2029-01-02 00:00:00',NULL,FALSE), (629,55,'Special','R21',NULL,136.0000,'2016-01-02 00:00:00','2029-01-02 00:00:00',NULL,FALSE), (630,55,'Split','R53',NULL,127.0000,'2016-01-02 00:00:00','2029-01-02 00:00:00',NULL,FALSE), (631,25,'Regular','R01',NULL,337.0000,'2016-01-02 00:00:00','2029-01-02 00:00:00',NULL,FALSE), (632,25,'Split','R44',NULL,168.5000,'2016-01-02 00:00:00','2029-01-02 00:00:00',NULL,FALSE), (633,25,'Special','R12',NULL,198.0000,'2016-01-02 00:00:00','2029-01-02 00:00:00',NULL,FALSE), (634,6,'Regular','R04',NULL,322.0000,'2016-01-02 00:00:00','2029-01-02 00:00:00',NULL,FALSE), (635,6,'Special','R15',NULL,184.0000,'2016-01-02 00:00:00','2029-01-02 00:00:00',NULL,FALSE), (636,6,'Split','R47',NULL,161.0000,'2016-01-02 00:00:00','2029-01-02 00:00:00',NULL,FALSE), (637,7,'Regular','R04',NULL,322.0000,'2016-01-02 00:00:00','2029-01-02 00:00:00',NULL,FALSE), (638,7,'Special','R15',NULL,184.0000,'2016-01-02 00:00:00','2029-01-02 00:00:00',NULL,FALSE), (639,7,'Split','R47',NULL,161.0000,'2016-01-02 00:00:00','2029-01-02 00:00:00',NULL,FALSE), (640,8,'Regular','R04',NULL,322.0000,'2016-01-02 00:00:00','2029-01-02 00:00:00',NULL,FALSE), (641,8,'Special','R15',NULL,184.0000,'2016-01-02 00:00:00','2029-01-02 00:00:00',NULL,FALSE), (642,8,'Split','R47',NULL,161.0000,'2016-01-02 00:00:00','2029-01-02 00:00:00',NULL,FALSE), (643,9,'Regular','R02',NULL,335.0000,'2016-01-02 00:00:00','2029-01-02 00:00:00',NULL,FALSE), (644,9,'Special','R13',NULL,196.0000,'2016-01-02 00:00:00','2029-01-02 00:00:00',NULL,FALSE), (645,9,'Split','R45',NULL,167.5000,'2016-01-02 00:00:00','2029-01-02 00:00:00',NULL,FALSE), (646,10,'Regular','R02',NULL,335.0000,'2016-01-02 00:00:00','2029-01-02 00:00:00',NULL,FALSE), (647,10,'Special','R13',NULL,196.0000,'2016-01-02 00:00:00','2029-01-02 00:00:00',NULL,FALSE), (648,10,'Split','R45',NULL,167.5000,'2016-01-02 00:00:00','2029-01-02 00:00:00',NULL,FALSE), (649,11,'Regular','R02',NULL,335.0000,'2016-01-02 00:00:00','2029-01-02 00:00:00',NULL,FALSE), (650,11,'Special','R13',NULL,196.0000,'2016-01-02 00:00:00','2029-01-02 00:00:00',NULL,FALSE), (651,11,'Split','R45',NULL,167.5000,'2016-01-02 00:00:00','2029-01-02 00:00:00',NULL,FALSE), (652,12,'Regular','R02',NULL,335.0000,'2016-01-02 00:00:00','2029-01-02 00:00:00',NULL,FALSE), (653,12,'Special','R13',NULL,196.0000,'2016-01-02 00:00:00','2029-01-02 00:00:00',NULL,FALSE), (654,12,'Split','R45',NULL,167.5000,'2016-01-02 00:00:00','2029-01-02 00:00:00',NULL,FALSE), (655,13,'Regular','R02',NULL,335.0000,'2016-01-02 00:00:00','2029-01-02 00:00:00',NULL,FALSE), (656,13,'Special','R13',NULL,196.0000,'2016-01-02 00:00:00','2029-01-02 00:00:00',NULL,FALSE), (657,13,'Split','R45',NULL,167.5000,'2016-01-02 00:00:00','2029-01-02 00:00:00',NULL,FALSE), (658,14,'Regular','R02',NULL,335.0000,'2015-01-02 00:00:00','2029-01-02 00:00:00',NULL,FALSE), (659,14,'Special','R13',NULL,196.0000,'2015-01-02 00:00:00','2029-01-02 00:00:00',NULL,FALSE), (660,14,'Split','R45',NULL,167.5000,'2016-01-02 00:00:00','2029-01-02 00:00:00',NULL,FALSE), (661,28,'Regular','R01',NULL,337.0000,'2016-01-02 00:00:00','2029-01-02 00:00:00',NULL,FALSE), (662,28,'Split','R44',NULL,168.5000,'2016-01-02 00:00:00','2029-01-02 00:00:00',NULL,FALSE), (663,28,'Special','R12',NULL,198.0000,'2016-01-02 00:00:00','2029-01-02 00:00:00',NULL,FALSE), (664,67,'Regular','R59',NULL,254.0000,'2016-01-02 00:00:00','2029-01-02 00:00:00',NULL,FALSE), (665,67,'Special','R59',NULL,130.0000,'2016-01-02 00:00:00','2029-01-02 00:00:00',NULL,FALSE), (666,67,'Split','R59',NULL,130.0000,'2016-01-02 00:00:00','2029-01-02 00:00:00',NULL,FALSE), (667,32,'Regular','R06',NULL,310.0000,'2016-01-02 00:00:00','2029-01-02 00:00:00',NULL,FALSE), (668,32,'Special','R17',NULL,174.0000,'2016-01-02 00:00:00','2029-01-02 00:00:00',NULL,FALSE), (669,32,'Split','R49',NULL,155.0000,'2016-01-02 00:00:00','2029-01-02 00:00:00',NULL,FALSE), (670,33,'Regular','R06',NULL,310.0000,'2016-01-02 00:00:00','2029-01-02 00:00:00',NULL,FALSE), (671,33,'Special','R17',NULL,174.0000,'2016-01-02 00:00:00','2029-01-02 00:00:00',NULL,FALSE), (672,33,'Split','R49',NULL,155.0000,'2016-01-02 00:00:00','2029-01-02 00:00:00',NULL,FALSE), (673,16,'Regular','R60',NULL,347.0000,'2016-01-02 00:00:00','2029-01-02 00:00:00',NULL,FALSE), (674,16,'Special','R60',NULL,204.0000,'2016-01-02 00:00:00','2029-01-02 00:00:00',NULL,FALSE), (675,16,'Split','R60',NULL,173.5000,'2016-01-02 00:00:00','2029-01-02 00:00:00',NULL,FALSE), (676,24,'Regular','R01',NULL,337.0000,'2016-01-02 00:00:00','2029-01-02 00:00:00',NULL,FALSE), (677,24,'Special','R12',NULL,198.0000,'2016-01-02 00:00:00','2029-01-02 00:00:00',NULL,FALSE), (678,24,'Split','R44',NULL,168.5000,'2016-01-02 00:00:00','2029-01-02 00:00:00',NULL,FALSE), (679,42,'Regular','R09',NULL,293.0000,'2016-01-02 00:00:00','2029-01-02 00:00:00',NULL,FALSE), (680,42,'Special','R20',NULL,161.0000,'2016-01-02 00:00:00','2029-01-02 00:00:00',NULL,FALSE), (681,42,'Split','R52',NULL,146.5000,'2016-01-02 00:00:00','2029-01-02 00:00:00',NULL,FALSE), (682,43,'Regular','R09',NULL,293.0000,'2016-01-02 00:00:00','2029-01-02 00:00:00',NULL,FALSE), (683,43,'Special','R20',NULL,161.0000,'2016-01-02 00:00:00','2029-01-02 00:00:00',NULL,FALSE), (684,43,'Split','R52',NULL,146.5000,'2016-01-02 00:00:00','2029-01-02 00:00:00',NULL,FALSE), (685,44,'Regular','R09',NULL,293.0000,'2016-01-02 00:00:00','2029-01-02 00:00:00',NULL,FALSE), (686,44,'Special','R20',NULL,161.0000,'2016-01-02 00:00:00','2029-01-02 00:00:00',NULL,FALSE), (687,44,'Split','R52',NULL,146.5000,'2016-01-02 00:00:00','2029-01-02 00:00:00',NULL,FALSE), (688,45,'Regular','R09',NULL,293.0000,'2016-01-02 00:00:00','2029-01-02 00:00:00',NULL,FALSE), (689,45,'Special','R20',NULL,161.0000,'2016-01-02 00:00:00','2029-01-02 00:00:00',NULL,FALSE), (690,45,'Split','R52',NULL,146.5000,'2016-01-02 00:00:00','2029-01-02 00:00:00',NULL,FALSE), (691,46,'Regular','R09',NULL,293.0000,'2016-01-02 00:00:00','2029-01-02 00:00:00',NULL,FALSE), (692,46,'Special','R20',NULL,161.0000,'2016-01-02 00:00:00','2029-01-02 00:00:00',NULL,FALSE), (693,46,'Split','R52',NULL,146.5000,'2016-01-02 00:00:00','2029-01-02 00:00:00',NULL,FALSE), (694,47,'Regular','R09',NULL,293.0000,'2016-01-02 00:00:00','2029-01-02 00:00:00',NULL,FALSE), (695,47,'Special','R20',NULL,161.0000,'2016-01-02 00:00:00','2029-01-02 00:00:00',NULL,FALSE), (696,47,'Split','R52',NULL,146.5000,'2016-01-02 00:00:00','2029-01-02 00:00:00',NULL,FALSE), (697,48,'Regular','R09',NULL,293.0000,'2016-01-02 00:00:00','2029-01-02 00:00:00',NULL,FALSE), (698,48,'Special','R20',NULL,161.0000,'2016-01-02 00:00:00','2029-01-02 00:00:00',NULL,FALSE), (699,48,'Split','R52',NULL,146.5000,'2016-01-02 00:00:00','2029-01-02 00:00:00',NULL,FALSE), (700,23,'Regular','R01',NULL,337.0000,'2016-01-02 00:00:00','2029-01-02 00:00:00',NULL,FALSE), (701,23,'Split','R44',NULL,168.5000,'2016-01-02 00:00:00','2029-01-02 00:00:00',NULL,FALSE), (702,23,'Special','R12',NULL,198.0000,'2016-01-02 00:00:00','2029-01-02 00:00:00',NULL,FALSE), (703,29,'Regular','R05',NULL,310.0000,'2016-01-02 00:00:00','2029-01-02 00:00:00',NULL,FALSE), (704,29,'Special','R16',NULL,174.0000,'2016-01-02 00:00:00','2029-01-02 00:00:00',NULL,FALSE), (705,29,'Split','R48',NULL,155.0000,'2016-01-02 00:00:00','2029-01-02 00:00:00',NULL,FALSE), (706,30,'Regular','R05',NULL,310.0000,'2016-01-02 00:00:00','2029-01-02 00:00:00',NULL,FALSE), (707,30,'Special','R16',NULL,174.0000,'2016-01-02 00:00:00','2029-01-02 00:00:00',NULL,FALSE), (708,30,'Split','R48',NULL,155.0000,'2016-01-02 00:00:00','2029-01-02 00:00:00',NULL,FALSE), (709,31,'Regular','R05',NULL,310.0000,'2016-01-02 00:00:00','2029-01-02 00:00:00',NULL,FALSE), (710,31,'Special','R16',NULL,174.0000,'2016-01-02 00:00:00','2029-01-02 00:00:00',NULL,FALSE), (711,31,'Split','R48',NULL,155.0000,'2016-01-02 00:00:00','2029-01-02 00:00:00',NULL,FALSE), (712,34,'Regular','R07',NULL,293.0000,'2016-01-02 00:00:00','2029-01-02 00:00:00',NULL,FALSE), (713,34,'Special','R18',NULL,161.0000,'2016-01-02 00:00:00','2029-01-02 00:00:00',NULL,FALSE), (714,34,'Split','R50',NULL,146.5000,'2016-01-02 00:00:00','2029-01-02 00:00:00',NULL,FALSE), (715,35,'Regular','R07',NULL,293.0000,'2016-01-02 00:00:00','2029-01-02 00:00:00',NULL,FALSE), (716,35,'Special','R18',NULL,161.0000,'2016-01-02 00:00:00','2029-01-02 00:00:00',NULL,FALSE), (717,35,'Split','R50',NULL,146.5000,'2016-01-02 00:00:00','2029-01-02 00:00:00',NULL,FALSE), (718,36,'Regular','R07',NULL,293.0000,'2016-01-02 00:00:00','2029-01-02 00:00:00',NULL,FALSE), (719,36,'Special','R18',NULL,161.0000,'2016-01-02 00:00:00','2029-01-02 00:00:00',NULL,FALSE), (720,36,'Split','R50',NULL,146.5000,'2016-01-02 00:00:00','2029-01-02 00:00:00',NULL,FALSE), (721,37,'Regular','R07',NULL,293.0000,'2016-01-02 00:00:00','2029-01-02 00:00:00',NULL,FALSE), (722,37,'Special','R18',NULL,161.0000,'2016-01-02 00:00:00','2029-01-02 00:00:00',NULL,FALSE), (723,37,'Split','R50',NULL,146.5000,'2016-01-02 00:00:00','2029-01-02 00:00:00',NULL,FALSE), (724,38,'Regular','R07',NULL,293.0000,'2016-01-02 00:00:00','2029-01-02 00:00:00',NULL,FALSE), (725,38,'Special','R18',NULL,161.0000,'2016-01-02 00:00:00','2029-01-02 00:00:00',NULL,FALSE), (726,38,'Split','R50',NULL,146.5000,'2016-01-02 00:00:00','2029-01-02 00:00:00',NULL,FALSE), (727,39,'Regular','R07',NULL,293.0000,'2016-01-02 00:00:00','2029-01-02 00:00:00',NULL,FALSE), (728,39,'Special','R18',NULL,161.0000,'2016-01-02 00:00:00','2029-01-02 00:00:00',NULL,FALSE), (729,39,'Split','R50',NULL,146.5000,'2016-01-02 00:00:00','2029-01-02 00:00:00',NULL,FALSE), (730,40,'Regular','R07',NULL,293.0000,'2016-01-02 00:00:00','2029-01-02 00:00:00',NULL,FALSE), (731,40,'Special','R18',NULL,161.0000,'2016-01-02 00:00:00','2029-01-02 00:00:00',NULL,FALSE), (732,40,'Split','R50',NULL,146.5000,'2016-01-02 00:00:00','2029-01-02 00:00:00',NULL,FALSE), (733,17,'Regular','R01',NULL,337.0000,'2016-01-02 00:00:00','2029-01-02 00:00:00',NULL,FALSE), (734,17,'Special','R12',NULL,198.0000,'2016-01-02 00:00:00','2029-01-02 00:00:00',NULL,FALSE), (735,17,'Split','R44',NULL,168.5000,'2016-01-02 00:00:00','2029-01-02 00:00:00',NULL,FALSE), (736,18,'Regular','R01',NULL,337.0000,'2016-01-02 00:00:00','2029-01-02 00:00:00',NULL,FALSE), (737,18,'Special','R12',NULL,198.0000,'2016-01-02 00:00:00','2029-01-02 00:00:00',NULL,FALSE), (738,18,'Split','R44',NULL,168.5000,'2016-01-02 00:00:00','2029-01-02 00:00:00',NULL,FALSE), (739,19,'Regular','R01',NULL,337.0000,'2016-01-02 00:00:00','2029-01-02 00:00:00',NULL,FALSE), (740,19,'Special','R12',NULL,198.0000,'2016-01-02 00:00:00','2029-01-02 00:00:00',NULL,FALSE), (741,19,'Split','R44',NULL,168.5000,'2016-01-02 00:00:00','2029-01-02 00:00:00',NULL,FALSE), (742,20,'Regular','R01',NULL,337.0000,'2016-01-02 00:00:00','2029-01-02 00:00:00',NULL,FALSE), (743,20,'Special','R12',NULL,198.0000,'2016-01-02 00:00:00','2029-01-02 00:00:00',NULL,FALSE), (744,20,'Split','R44',NULL,168.5000,'2016-01-02 00:00:00','2029-01-02 00:00:00',NULL,FALSE), (745,21,'Regular','R01',NULL,337.0000,'2016-01-02 00:00:00','2029-01-02 00:00:00',NULL,FALSE), (746,21,'Special','R12',NULL,198.0000,'2016-01-02 00:00:00','2029-01-02 00:00:00',NULL,FALSE), (747,21,'Split','R44',NULL,168.5000,'2016-01-02 00:00:00','2029-01-02 00:00:00',NULL,FALSE), (749,69,'Special','R75',NULL,10.0000,'2019-12-01 00:00:00','2020-01-31 00:00:00',NULL,FALSE), (750,70,'Special','R76',NULL,20.0000,'2019-12-01 00:00:00','2020-01-31 00:00:00',NULL,FALSE), (752,71,'Regular','R78',NULL,375.0000,'2020-12-01 00:00:00','2029-01-02 00:00:00',NULL,FALSE), (753,71,'Special','R77',NULL,241.0000,'2020-12-01 00:00:00','2029-01-02 00:00:00',NULL,FALSE), (754,71,'Split','R81',NULL,187.5000,'2020-12-01 00:00:00','2029-01-02 00:00:00',NULL,FALSE), (755,72,'Regular','R78',NULL,375.0000,'2020-12-01 00:00:00','2029-01-02 00:00:00',NULL,FALSE), (756,72,'Special','R77',NULL,241.0000,'2020-12-01 00:00:00','2029-01-02 00:00:00',NULL,FALSE), (757,72,'Split','R81',NULL,187.5000,'2020-12-01 00:00:00','2029-01-02 00:00:00',NULL,FALSE);

-- ---- tblRoomRateNEW -> ypl.room_rates_new ----
INSERT INTO "ypl"."room_rates_new" ("roomrateid", "roomid", "roomratetype", "roomratecode", "roomrateadditionalfactor", "roomrate", "roomratestartdate", "roomrateenddate", "roomratenotes", "roomratearchive") VALUES (3,15,'Regular','R01',NULL,187.0000,'2010-01-01 00:00:00','2010-09-30 00:00:00',NULL,FALSE), (4,15,'Special','R01',NULL,109.0000,'2010-01-01 00:00:00','2010-09-30 00:00:00',NULL,FALSE), (5,15,'Split','R01',NULL,93.5000,'2010-01-01 00:00:00','2010-09-30 00:00:00',NULL,FALSE), (6,56,'Regular','R01',NULL,137.0000,'2010-01-01 00:00:00','2010-09-30 00:00:00',NULL,FALSE), (7,56,'Special','R01',NULL,75.0000,'2010-01-01 00:00:00','2010-09-30 00:00:00',NULL,FALSE), (8,56,'Split','R01',NULL,68.5000,'2010-01-01 00:00:00','2010-09-30 00:00:00',NULL,FALSE), (9,57,'Regular','R01',NULL,137.0000,'2010-01-01 00:00:00','2010-09-30 00:00:00',NULL,FALSE), (10,57,'Special','R01',NULL,75.0000,'2010-01-01 00:00:00','2010-09-30 00:00:00',NULL,FALSE), (11,57,'Split','R01',NULL,68.5000,'2010-01-01 00:00:00','2010-09-30 00:00:00',NULL,FALSE), (12,58,'Regular','R01',NULL,137.0000,'2010-01-01 00:00:00','2010-09-30 00:00:00',NULL,FALSE), (13,58,'Special','R01',NULL,75.0000,'2010-01-01 00:00:00','2010-09-30 00:00:00',NULL,FALSE), (14,58,'Split','R01',NULL,68.5000,'2010-01-01 00:00:00','2010-09-30 00:00:00',NULL,FALSE), (15,59,'Regular','R01',NULL,137.0000,'2010-01-01 00:00:00','2010-09-30 00:00:00',NULL,FALSE), (16,59,'Special','R01',NULL,75.0000,'2010-01-01 00:00:00','2010-09-30 00:00:00',NULL,FALSE), (17,59,'Split','R01',NULL,68.5000,'2010-01-01 00:00:00','2010-09-30 00:00:00',NULL,FALSE), (18,60,'Regular','R01',NULL,137.0000,'2010-01-01 00:00:00','2010-09-30 00:00:00',NULL,FALSE), (19,60,'Special','R01',NULL,75.0000,'2010-01-01 00:00:00','2010-09-30 00:00:00',NULL,FALSE), (20,60,'Split','R01',NULL,68.5000,'2010-01-01 00:00:00','2010-09-30 00:00:00',NULL,FALSE), (21,61,'Regular','R01',NULL,137.0000,'2010-01-01 00:00:00','2010-09-30 00:00:00',NULL,FALSE), (22,61,'Special','R01',NULL,75.0000,'2010-01-01 00:00:00','2010-09-30 00:00:00',NULL,FALSE), (23,61,'Split','R01',NULL,68.5000,'2010-01-01 00:00:00','2010-09-30 00:00:00',NULL,FALSE), (24,62,'Regular','R01',NULL,137.0000,'2010-01-01 00:00:00','2010-09-30 00:00:00',NULL,FALSE), (25,62,'Special','R01',NULL,75.0000,'2010-01-01 00:00:00','2010-09-30 00:00:00',NULL,FALSE), (26,62,'Split','R01',NULL,68.5000,'2010-01-01 00:00:00','2010-09-30 00:00:00',NULL,FALSE), (27,63,'Regular','R01',NULL,137.0000,'2010-01-01 00:00:00','2010-09-30 00:00:00',NULL,FALSE), (28,63,'Special','R01',NULL,75.0000,'2010-01-01 00:00:00','2010-09-30 00:00:00',NULL,FALSE), (29,63,'Split','R01',NULL,68.5000,'2010-01-01 00:00:00','2010-09-30 00:00:00',NULL,FALSE), (30,64,'Regular','R01',NULL,137.0000,'2010-01-01 00:00:00','2010-09-30 00:00:00',NULL,FALSE), (31,64,'Special','R01',NULL,75.0000,'2010-01-01 00:00:00','2010-09-30 00:00:00',NULL,FALSE), (32,64,'Split','R01',NULL,68.5000,'2010-01-01 00:00:00','2010-09-30 00:00:00',NULL,FALSE), (33,65,'Regular','R01',NULL,137.0000,'2010-01-01 00:00:00','2010-09-30 00:00:00',NULL,FALSE), (34,65,'Special','R01',NULL,75.0000,'2010-01-01 00:00:00','2010-09-30 00:00:00',NULL,FALSE), (35,65,'Split','R01',NULL,68.5000,'2010-01-01 00:00:00','2010-09-30 00:00:00',NULL,FALSE), (36,41,'Regular','R01',NULL,172.0000,'2010-01-01 00:00:00','2010-09-30 00:00:00',NULL,FALSE), (37,41,'Split','R01',NULL,86.0000,'2010-01-01 00:00:00','2010-09-30 00:00:00',NULL,FALSE), (38,41,'Special','R01',NULL,98.0000,'2010-01-01 00:00:00','2010-09-30 00:00:00',NULL,FALSE), (39,22,'Special','R01',NULL,131.0000,'2010-01-01 00:00:00','2010-09-30 00:00:00',NULL,FALSE), (40,22,'Split','R01',NULL,106.0000,'2010-01-01 00:00:00','2010-09-30 00:00:00',NULL,FALSE), (41,22,'Regular','R01',NULL,212.0000,'2010-01-01 00:00:00','2010-09-30 00:00:00',NULL,FALSE), (42,27,'Regular','R01',NULL,212.0000,'2010-01-01 00:00:00','2010-09-30 00:00:00',NULL,FALSE), (43,27,'Special','R01',NULL,131.0000,'2010-01-01 00:00:00','2010-09-30 00:00:00',NULL,FALSE), (44,27,'Split','R01',NULL,106.0000,'2010-01-01 00:00:00','2010-09-30 00:00:00',NULL,FALSE), (45,26,'Regular','R01',NULL,212.0000,'2010-01-01 00:00:00','2010-09-30 00:00:00',NULL,FALSE), (46,26,'Special','R01',NULL,131.0000,'2010-01-01 00:00:00','2010-09-30 00:00:00',NULL,FALSE), (47,26,'Split','R01',NULL,106.0000,'2010-01-01 00:00:00','2010-09-30 00:00:00',NULL,FALSE), (48,66,'Regular','R01',NULL,75.0000,'2010-01-01 00:00:00','2010-09-30 00:00:00',NULL,FALSE), (49,66,'Split','R01',NULL,75.0000,'2010-01-01 00:00:00','2010-09-30 00:00:00',NULL,FALSE), (50,66,'Special','R01',NULL,75.0000,'2010-01-01 00:00:00','2010-09-30 00:00:00',NULL,FALSE), (51,49,'Regular','R01',NULL,137.0000,'2010-01-01 00:00:00','2010-09-30 00:00:00',NULL,FALSE), (52,49,'Special','R01',NULL,75.0000,'2010-01-01 00:00:00','2010-09-30 00:00:00',NULL,FALSE), (53,49,'Split','R01',NULL,68.5000,'2010-01-01 00:00:00','2010-09-30 00:00:00',NULL,FALSE), (54,50,'Regular','R01',NULL,137.0000,'2010-01-01 00:00:00','2010-09-30 00:00:00',NULL,FALSE), (55,50,'Special','R01',NULL,75.0000,'2010-01-01 00:00:00','2010-09-30 00:00:00',NULL,FALSE), (56,50,'Split','R01',NULL,68.5000,'2010-01-01 00:00:00','2010-09-30 00:00:00',NULL,FALSE), (57,51,'Regular','R01',NULL,137.0000,'2010-01-01 00:00:00','2010-09-30 00:00:00',NULL,FALSE), (58,51,'Special','R01',NULL,75.0000,'2010-01-01 00:00:00','2010-09-30 00:00:00',NULL,FALSE), (59,51,'Split','R01',NULL,68.5000,'2010-01-01 00:00:00','2010-09-30 00:00:00',NULL,FALSE), (60,52,'Regular','R01',NULL,137.0000,'2010-01-01 00:00:00','2010-09-30 00:00:00',NULL,FALSE), (61,52,'Special','R01',NULL,75.0000,'2010-01-01 00:00:00','2010-09-30 00:00:00',NULL,FALSE), (62,52,'Split','R01',NULL,68.5000,'2010-01-01 00:00:00','2010-09-30 00:00:00',NULL,FALSE), (63,53,'Regular','R01',NULL,137.0000,'2010-01-01 00:00:00','2010-09-30 00:00:00',NULL,FALSE), (64,53,'Special','R01',NULL,75.0000,'2010-01-01 00:00:00','2010-09-30 00:00:00',NULL,FALSE), (65,53,'Split','R01',NULL,68.5000,'2010-01-01 00:00:00','2010-09-30 00:00:00',NULL,FALSE), (66,54,'Regular','R01',NULL,137.0000,'2010-01-01 00:00:00','2010-09-30 00:00:00',NULL,FALSE), (67,54,'Special','R01',NULL,75.0000,'2010-01-01 00:00:00','2010-09-30 00:00:00',NULL,FALSE), (68,54,'Split','R01',NULL,68.5000,'2010-01-01 00:00:00','2010-09-30 00:00:00',NULL,FALSE), (69,55,'Regular','R01',NULL,137.0000,'2010-01-01 00:00:00','2010-09-30 00:00:00',NULL,FALSE), (70,55,'Special','R01',NULL,75.0000,'2010-01-01 00:00:00','2010-09-30 00:00:00',NULL,FALSE), (71,55,'Split','R01',NULL,68.5000,'2010-01-01 00:00:00','2010-09-30 00:00:00',NULL,FALSE), (72,25,'Regular','R01',NULL,212.0000,'2010-01-01 00:00:00','2010-09-30 00:00:00',NULL,FALSE), (73,25,'Split','R01',NULL,106.0000,'2010-01-01 00:00:00','2010-09-30 00:00:00',NULL,FALSE), (74,25,'Special','R01',NULL,131.0000,'2010-01-01 00:00:00','2010-09-30 00:00:00',NULL,FALSE), (75,6,'Regular','R04',NULL,199.0000,'2010-01-01 00:00:00','2010-09-30 00:00:00',NULL,FALSE), (76,6,'Special','R01',NULL,119.0000,'2010-01-01 00:00:00','2010-09-30 00:00:00',NULL,FALSE), (77,6,'Split','R01',NULL,99.5000,'2010-01-01 00:00:00','2010-09-30 00:00:00',NULL,FALSE), (78,7,'Regular','R04',NULL,199.0000,'2010-01-01 00:00:00','2010-09-30 00:00:00',NULL,FALSE), (79,7,'Special','R01',NULL,119.0000,'2010-01-01 00:00:00','2010-09-30 00:00:00',NULL,FALSE), (80,7,'Split','R01',NULL,99.5000,'2010-01-01 00:00:00','2010-09-30 00:00:00',NULL,FALSE), (81,8,'Regular','R04',NULL,199.0000,'2010-01-01 00:00:00','2010-09-30 00:00:00',NULL,FALSE), (82,8,'Special','R01',NULL,119.0000,'2010-01-01 00:00:00','2010-09-30 00:00:00',NULL,FALSE), (83,8,'Split','R01',NULL,99.5000,'2010-01-01 00:00:00','2010-09-30 00:00:00',NULL,FALSE), (84,9,'Regular','R02',NULL,210.0000,'2010-01-01 00:00:00','2010-09-30 00:00:00',NULL,FALSE), (85,9,'Special','R01',NULL,129.0000,'2010-01-01 00:00:00','2010-09-30 00:00:00',NULL,FALSE), (86,9,'Split','R01',NULL,105.0000,'2010-01-01 00:00:00','2010-09-30 00:00:00',NULL,FALSE), (87,10,'Regular','R02',NULL,210.0000,'2010-01-01 00:00:00','2010-09-30 00:00:00',NULL,FALSE), (88,10,'Special','R01',NULL,129.0000,'2010-01-01 00:00:00','2010-09-30 00:00:00',NULL,FALSE), (89,10,'Split','R01',NULL,105.0000,'2010-01-01 00:00:00','2010-09-30 00:00:00',NULL,FALSE), (90,11,'Regular','R02',NULL,210.0000,'2010-01-01 00:00:00','2010-09-30 00:00:00',NULL,FALSE), (91,11,'Special','R01',NULL,129.0000,'2010-01-01 00:00:00','2010-09-30 00:00:00',NULL,FALSE), (92,11,'Split','R01',NULL,105.0000,'2010-01-01 00:00:00','2010-09-30 00:00:00',NULL,FALSE), (93,12,'Regular','R02',NULL,210.0000,'2010-01-01 00:00:00','2010-09-30 00:00:00',NULL,FALSE), (94,12,'Special','R01',NULL,129.0000,'2010-01-01 00:00:00','2010-09-30 00:00:00',NULL,FALSE), (95,12,'Split','R01',NULL,105.0000,'2010-01-01 00:00:00','2010-09-30 00:00:00',NULL,FALSE), (96,13,'Regular','R02',NULL,210.0000,'2010-01-01 00:00:00','2010-09-30 00:00:00',NULL,FALSE), (97,13,'Special','R01',NULL,129.0000,'2010-01-01 00:00:00','2010-09-30 00:00:00',NULL,FALSE), (98,13,'Split','R01',NULL,105.0000,'2010-01-01 00:00:00','2010-09-30 00:00:00',NULL,FALSE), (99,14,'Regular','R02',NULL,210.0000,'2010-01-01 00:00:00','2010-09-30 00:00:00',NULL,FALSE), (100,14,'Special','R01',NULL,129.0000,'2010-01-01 00:00:00','2010-09-30 00:00:00',NULL,FALSE), (101,14,'Split','R01',NULL,105.0000,'2010-01-01 00:00:00','2010-09-30 00:00:00',NULL,FALSE), (102,28,'Regular','R01',NULL,212.0000,'2010-01-01 00:00:00','2010-09-30 00:00:00',NULL,FALSE), (103,28,'Split','R01',NULL,106.0000,'2010-01-01 00:00:00','2010-09-30 00:00:00',NULL,FALSE), (104,28,'Special','R01',NULL,131.0000,'2010-01-01 00:00:00','2010-09-30 00:00:00',NULL,FALSE), (105,67,'Regular','R01',NULL,137.0000,'2010-01-01 00:00:00','2010-09-30 00:00:00',NULL,FALSE), (106,67,'Special','R01',NULL,75.0000,'2010-01-01 00:00:00','2010-09-30 00:00:00',NULL,FALSE), (107,67,'Split','R01',NULL,68.5000,'2010-01-01 00:00:00','2010-09-30 00:00:00',NULL,FALSE), (108,32,'Regular','R01',NULL,187.0000,'2010-01-01 00:00:00','2010-09-30 00:00:00',NULL,FALSE), (109,32,'Special','R01',NULL,109.0000,'2010-01-01 00:00:00','2010-09-30 00:00:00',NULL,FALSE), (110,32,'Split','R01',NULL,93.5000,'2010-01-01 00:00:00','2010-09-30 00:00:00',NULL,FALSE), (111,33,'Regular','R01',NULL,187.0000,'2010-01-01 00:00:00','2010-09-30 00:00:00',NULL,FALSE), (112,33,'Special','R01',NULL,109.0000,'2010-01-01 00:00:00','2010-09-30 00:00:00',NULL,FALSE), (113,33,'Split','R01',NULL,93.5000,'2010-01-01 00:00:00','2010-09-30 00:00:00',NULL,FALSE), (114,16,'Regular','R60',NULL,222.0000,'2010-01-01 00:00:00','2010-09-30 00:00:00',NULL,FALSE), (115,16,'Special','R01',NULL,137.0000,'2010-01-01 00:00:00','2010-09-30 00:00:00',NULL,FALSE), (116,16,'Split','R01',NULL,111.0000,'2010-01-01 00:00:00','2010-09-30 00:00:00',NULL,FALSE), (117,24,'Regular','R01',NULL,212.0000,'2010-01-01 00:00:00','2010-09-30 00:00:00',NULL,FALSE), (118,24,'Special','R01',NULL,131.0000,'2010-01-01 00:00:00','2010-09-30 00:00:00',NULL,FALSE), (119,24,'Split','R01',NULL,106.0000,'2010-01-01 00:00:00','2010-09-30 00:00:00',NULL,FALSE), (120,42,'Regular','R01',NULL,172.0000,'2010-01-01 00:00:00','2010-09-30 00:00:00',NULL,FALSE), (121,42,'Special','R01',NULL,98.0000,'2010-01-01 00:00:00','2010-09-30 00:00:00',NULL,FALSE), (122,42,'Split','R01',NULL,86.0000,'2010-01-01 00:00:00','2010-09-30 00:00:00',NULL,FALSE), (123,43,'Regular','R01',NULL,172.0000,'2010-01-01 00:00:00','2010-09-30 00:00:00',NULL,FALSE), (124,43,'Special','R01',NULL,98.0000,'2010-01-01 00:00:00','2010-09-30 00:00:00',NULL,FALSE), (125,43,'Split','R01',NULL,86.0000,'2010-01-01 00:00:00','2010-09-30 00:00:00',NULL,FALSE), (126,44,'Regular','R01',NULL,172.0000,'2010-01-01 00:00:00','2010-09-30 00:00:00',NULL,FALSE), (127,44,'Special','R01',NULL,98.0000,'2010-01-01 00:00:00','2010-09-30 00:00:00',NULL,FALSE), (128,44,'Split','R01',NULL,86.0000,'2010-01-01 00:00:00','2010-09-30 00:00:00',NULL,FALSE), (129,45,'Regular','R01',NULL,172.0000,'2010-01-01 00:00:00','2010-09-30 00:00:00',NULL,FALSE), (130,45,'Special','R01',NULL,98.0000,'2010-01-01 00:00:00','2010-09-30 00:00:00',NULL,FALSE), (131,45,'Split','R01',NULL,86.0000,'2010-01-01 00:00:00','2010-09-30 00:00:00',NULL,FALSE), (132,46,'Regular','R01',NULL,172.0000,'2010-01-01 00:00:00','2010-09-30 00:00:00',NULL,FALSE), (133,46,'Special','R01',NULL,98.0000,'2010-01-01 00:00:00','2010-09-30 00:00:00',NULL,FALSE), (134,46,'Split','R01',NULL,86.0000,'2010-01-01 00:00:00','2010-09-30 00:00:00',NULL,FALSE), (135,47,'Regular','R01',NULL,172.0000,'2010-01-01 00:00:00','2010-09-30 00:00:00',NULL,FALSE), (136,47,'Special','R01',NULL,98.0000,'2010-01-01 00:00:00','2010-09-30 00:00:00',NULL,FALSE), (137,47,'Split','R01',NULL,86.0000,'2010-01-01 00:00:00','2010-09-30 00:00:00',NULL,FALSE), (138,48,'Regular','R01',NULL,172.0000,'2010-01-01 00:00:00','2010-09-30 00:00:00',NULL,FALSE), (139,48,'Special','R01',NULL,98.0000,'2010-01-01 00:00:00','2010-09-30 00:00:00',NULL,FALSE), (140,48,'Split','R01',NULL,86.0000,'2010-01-01 00:00:00','2010-09-30 00:00:00',NULL,FALSE), (141,23,'Regular','R01',NULL,212.0000,'2010-01-01 00:00:00','2010-09-30 00:00:00',NULL,FALSE), (142,23,'Split','R01',NULL,106.0000,'2010-01-01 00:00:00','2010-09-30 00:00:00',NULL,FALSE), (143,23,'Special','R01',NULL,131.0000,'2010-01-01 00:00:00','2010-09-30 00:00:00',NULL,FALSE), (144,29,'Regular','R01',NULL,187.0000,'2010-01-01 00:00:00','2010-09-30 00:00:00',NULL,FALSE), (145,29,'Special','R01',NULL,109.0000,'2010-01-01 00:00:00','2010-09-30 00:00:00',NULL,FALSE), (146,29,'Split','R01',NULL,93.5000,'2010-01-01 00:00:00','2010-09-30 00:00:00',NULL,FALSE), (147,30,'Regular','R01',NULL,187.0000,'2010-01-01 00:00:00','2010-09-30 00:00:00',NULL,FALSE), (148,30,'Special','R01',NULL,109.0000,'2010-01-01 00:00:00','2010-09-30 00:00:00',NULL,FALSE), (149,30,'Split','R01',NULL,93.5000,'2010-01-01 00:00:00','2010-09-30 00:00:00',NULL,FALSE), (150,31,'Regular','R01',NULL,187.0000,'2010-01-01 00:00:00','2010-09-30 00:00:00',NULL,FALSE), (151,31,'Special','R01',NULL,109.0000,'2010-01-01 00:00:00','2010-09-30 00:00:00',NULL,FALSE), (152,31,'Split','R01',NULL,93.5000,'2010-01-01 00:00:00','2010-09-30 00:00:00',NULL,FALSE), (153,34,'Regular','R01',NULL,172.0000,'2010-01-01 00:00:00','2010-09-30 00:00:00',NULL,FALSE), (154,34,'Special','R01',NULL,98.0000,'2010-01-01 00:00:00','2010-09-30 00:00:00',NULL,FALSE), (155,34,'Split','R01',NULL,86.0000,'2010-01-01 00:00:00','2010-09-30 00:00:00',NULL,FALSE), (156,35,'Regular','R01',NULL,172.0000,'2010-01-01 00:00:00','2010-09-30 00:00:00',NULL,FALSE), (157,35,'Special','R01',NULL,98.0000,'2010-01-01 00:00:00','2010-09-30 00:00:00',NULL,FALSE), (158,35,'Split','R01',NULL,86.0000,'2010-01-01 00:00:00','2010-09-30 00:00:00',NULL,FALSE), (159,36,'Regular','R01',NULL,172.0000,'2010-01-01 00:00:00','2010-09-30 00:00:00',NULL,FALSE), (160,36,'Special','R01',NULL,98.0000,'2010-01-01 00:00:00','2010-09-30 00:00:00',NULL,FALSE), (161,36,'Split','R01',NULL,86.0000,'2010-01-01 00:00:00','2010-09-30 00:00:00',NULL,FALSE), (162,37,'Regular','R01',NULL,172.0000,'2010-01-01 00:00:00','2010-09-30 00:00:00',NULL,FALSE), (163,37,'Special','R01',NULL,98.0000,'2010-01-01 00:00:00','2010-09-30 00:00:00',NULL,FALSE), (164,37,'Split','R01',NULL,86.0000,'2010-01-01 00:00:00','2010-09-30 00:00:00',NULL,FALSE), (165,38,'Regular','R01',NULL,172.0000,'2010-01-01 00:00:00','2010-09-30 00:00:00',NULL,FALSE), (166,38,'Special','R01',NULL,98.0000,'2010-01-01 00:00:00','2010-09-30 00:00:00',NULL,FALSE), (167,38,'Split','R01',NULL,86.0000,'2010-01-01 00:00:00','2010-09-30 00:00:00',NULL,FALSE), (168,39,'Regular','R01',NULL,172.0000,'2010-01-01 00:00:00','2010-09-30 00:00:00',NULL,FALSE), (169,39,'Special','R01',NULL,98.0000,'2010-01-01 00:00:00','2010-09-30 00:00:00',NULL,FALSE), (170,39,'Split','R01',NULL,86.0000,'2010-01-01 00:00:00','2010-09-30 00:00:00',NULL,FALSE), (171,40,'Regular','R01',NULL,172.0000,'2010-01-01 00:00:00','2010-09-30 00:00:00',NULL,FALSE), (172,40,'Special','R01',NULL,98.0000,'2010-01-01 00:00:00','2010-09-30 00:00:00',NULL,FALSE), (173,40,'Split','R01',NULL,86.0000,'2010-01-01 00:00:00','2010-09-30 00:00:00',NULL,FALSE), (174,17,'Regular','R01',NULL,212.0000,'2010-01-01 00:00:00','2010-09-30 00:00:00',NULL,FALSE), (175,17,'Special','R01',NULL,131.0000,'2010-01-01 00:00:00','2010-09-30 00:00:00',NULL,FALSE), (176,17,'Split','R01',NULL,106.0000,'2010-01-01 00:00:00','2010-09-30 00:00:00',NULL,FALSE), (177,18,'Regular','R01',NULL,212.0000,'2010-01-01 00:00:00','2010-09-30 00:00:00',NULL,FALSE), (178,18,'Special','R01',NULL,131.0000,'2010-01-01 00:00:00','2010-09-30 00:00:00',NULL,FALSE), (179,18,'Split','R01',NULL,106.0000,'2010-01-01 00:00:00','2010-09-30 00:00:00',NULL,FALSE), (180,19,'Regular','R01',NULL,212.0000,'2010-01-01 00:00:00','2010-09-30 00:00:00',NULL,FALSE), (181,19,'Special','R01',NULL,131.0000,'2010-01-01 00:00:00','2010-09-30 00:00:00',NULL,FALSE), (182,19,'Split','R01',NULL,106.0000,'2010-01-01 00:00:00','2010-09-30 00:00:00',NULL,FALSE), (183,20,'Regular','R01',NULL,210.0000,'2010-01-01 00:00:00','2010-09-30 00:00:00',NULL,FALSE), (184,20,'Special','R01',NULL,129.0000,'2010-01-01 00:00:00','2010-09-30 00:00:00',NULL,FALSE), (185,20,'Split','R01',NULL,105.0000,'2010-01-01 00:00:00','2010-09-30 00:00:00',NULL,FALSE), (186,21,'Regular','R01',NULL,210.0000,'2010-01-01 00:00:00','2010-09-30 00:00:00',NULL,FALSE), (187,21,'Special','R01',NULL,129.0000,'2010-01-01 00:00:00','2010-09-30 00:00:00',NULL,FALSE), (188,21,'Split','R01',NULL,105.0000,'2010-01-01 00:00:00','2010-09-30 00:00:00',NULL,FALSE), (376,15,'Regular','R61',NULL,178.0000,'2010-10-01 00:00:00','2011-04-30 00:00:00',NULL,FALSE), (377,15,'Special','R01',NULL,104.0000,'2010-10-01 00:00:00','2011-04-30 00:00:00',NULL,FALSE), (378,15,'Split','R01',NULL,89.0000,'2010-10-01 00:00:00','2011-04-30 00:00:00',NULL,FALSE), (379,56,'Regular','R01',NULL,137.0000,'2010-10-01 00:00:00','2011-04-30 00:00:00',NULL,FALSE), (380,56,'Special','R01',NULL,75.0000,'2010-10-01 00:00:00','2011-04-30 00:00:00',NULL,FALSE), (381,56,'Split','R01',NULL,68.5000,'2010-10-01 00:00:00','2011-04-30 00:00:00',NULL,FALSE), (382,57,'Regular','R01',NULL,137.0000,'2010-10-01 00:00:00','2011-04-30 00:00:00',NULL,FALSE), (383,57,'Special','R01',NULL,75.0000,'2010-10-01 00:00:00','2011-04-30 00:00:00',NULL,FALSE), (384,57,'Split','R01',NULL,68.5000,'2010-10-01 00:00:00','2011-04-30 00:00:00',NULL,FALSE), (385,58,'Regular','R01',NULL,137.0000,'2010-10-01 00:00:00','2011-04-30 00:00:00',NULL,FALSE), (386,58,'Special','R01',NULL,75.0000,'2010-10-01 00:00:00','2011-04-30 00:00:00',NULL,FALSE), (387,58,'Split','R01',NULL,68.5000,'2010-10-01 00:00:00','2011-04-30 00:00:00',NULL,FALSE), (388,59,'Regular','R01',NULL,137.0000,'2010-10-01 00:00:00','2011-04-30 00:00:00',NULL,FALSE), (389,59,'Special','R01',NULL,75.0000,'2010-10-01 00:00:00','2011-04-30 00:00:00',NULL,FALSE), (390,59,'Split','R01',NULL,68.5000,'2010-10-01 00:00:00','2011-04-30 00:00:00',NULL,FALSE), (391,60,'Regular','R01',NULL,137.0000,'2010-10-01 00:00:00','2011-04-30 00:00:00',NULL,FALSE), (392,60,'Special','R01',NULL,75.0000,'2010-10-01 00:00:00','2011-04-30 00:00:00',NULL,FALSE), (393,60,'Split','R01',NULL,68.5000,'2010-10-01 00:00:00','2011-04-30 00:00:00',NULL,FALSE), (394,61,'Regular','R01',NULL,137.0000,'2010-10-01 00:00:00','2011-04-30 00:00:00',NULL,FALSE), (395,61,'Special','R01',NULL,75.0000,'2010-10-01 00:00:00','2011-04-30 00:00:00',NULL,FALSE), (396,61,'Split','R01',NULL,68.5000,'2010-10-01 00:00:00','2011-04-30 00:00:00',NULL,FALSE), (397,62,'Regular','R01',NULL,137.0000,'2010-10-01 00:00:00','2011-04-30 00:00:00',NULL,FALSE), (398,62,'Special','R01',NULL,75.0000,'2010-10-01 00:00:00','2011-04-30 00:00:00',NULL,FALSE), (399,62,'Split','R01',NULL,68.5000,'2010-10-01 00:00:00','2011-04-30 00:00:00',NULL,FALSE), (400,63,'Regular','R01',NULL,137.0000,'2010-10-01 00:00:00','2011-04-30 00:00:00',NULL,FALSE), (401,63,'Special','R01',NULL,75.0000,'2010-10-01 00:00:00','2011-04-30 00:00:00',NULL,FALSE), (402,63,'Split','R01',NULL,68.5000,'2010-10-01 00:00:00','2011-04-30 00:00:00',NULL,FALSE), (403,64,'Regular','R01',NULL,137.0000,'2010-10-01 00:00:00','2011-04-30 00:00:00',NULL,FALSE), (404,64,'Special','R01',NULL,75.0000,'2010-10-01 00:00:00','2011-04-30 00:00:00',NULL,FALSE), (405,64,'Split','R01',NULL,68.5000,'2010-10-01 00:00:00','2011-04-30 00:00:00',NULL,FALSE), (406,65,'Regular','R01',NULL,137.0000,'2010-10-01 00:00:00','2011-04-30 00:00:00',NULL,FALSE), (407,65,'Special','R01',NULL,75.0000,'2010-10-01 00:00:00','2011-04-30 00:00:00',NULL,FALSE), (408,65,'Split','R01',NULL,68.5000,'2010-10-01 00:00:00','2011-04-30 00:00:00',NULL,FALSE), (409,41,'Regular','R01',NULL,163.0000,'2010-10-01 00:00:00','2011-04-30 00:00:00',NULL,FALSE), (410,41,'Split','R01',NULL,81.5000,'2010-10-01 00:00:00','2011-04-30 00:00:00',NULL,FALSE), (411,41,'Special','R01',NULL,93.0000,'2010-10-01 00:00:00','2011-04-30 00:00:00',NULL,FALSE), (412,22,'Special','R01',NULL,0.0000,'2010-10-01 00:00:00','2011-04-30 00:00:00',NULL,FALSE), (413,22,'Split','R01',NULL,0.0000,'2010-10-01 00:00:00','2011-04-30 00:00:00',NULL,FALSE), (414,22,'Regular','R01',NULL,0.0000,'2010-10-01 00:00:00','2011-04-30 00:00:00',NULL,FALSE), (415,27,'Regular','R01',NULL,201.0000,'2010-10-01 00:00:00','2011-04-30 00:00:00',NULL,FALSE), (416,27,'Special','R01',NULL,124.0000,'2010-10-01 00:00:00','2011-04-30 00:00:00',NULL,FALSE), (417,27,'Split','R01',NULL,100.5000,'2010-10-01 00:00:00','2011-04-30 00:00:00',NULL,FALSE), (418,26,'Regular','R01',NULL,201.0000,'2010-10-01 00:00:00','2011-04-30 00:00:00',NULL,FALSE), (419,26,'Special','R01',NULL,124.0000,'2010-10-01 00:00:00','2011-04-30 00:00:00',NULL,FALSE), (420,26,'Split','R01',NULL,100.5000,'2010-10-01 00:00:00','2011-04-30 00:00:00',NULL,FALSE), (421,66,'Regular','R01',NULL,0.0000,'2010-10-01 00:00:00','2011-04-30 00:00:00',NULL,FALSE), (422,66,'Split','R01',NULL,0.0000,'2010-10-01 00:00:00','2011-04-30 00:00:00',NULL,FALSE), (423,66,'Special','R01',NULL,0.0000,'2010-10-01 00:00:00','2011-04-30 00:00:00',NULL,FALSE), (424,49,'Regular','R01',NULL,137.0000,'2010-10-01 00:00:00','2011-04-30 00:00:00',NULL,FALSE), (425,49,'Special','R01',NULL,75.0000,'2010-10-01 00:00:00','2011-04-30 00:00:00',NULL,FALSE), (426,49,'Split','R01',NULL,68.5000,'2010-10-01 00:00:00','2011-04-30 00:00:00',NULL,FALSE), (427,50,'Regular','R01',NULL,137.0000,'2010-10-01 00:00:00','2011-04-30 00:00:00',NULL,FALSE), (428,50,'Special','R01',NULL,75.0000,'2010-10-01 00:00:00','2011-04-30 00:00:00',NULL,FALSE), (429,50,'Split','R01',NULL,68.5000,'2010-10-01 00:00:00','2011-04-30 00:00:00',NULL,FALSE), (430,51,'Regular','R01',NULL,137.0000,'2010-10-01 00:00:00','2011-04-30 00:00:00',NULL,FALSE), (431,51,'Special','R01',NULL,75.0000,'2010-10-01 00:00:00','2011-04-30 00:00:00',NULL,FALSE), (432,51,'Split','R01',NULL,68.5000,'2010-10-01 00:00:00','2011-04-30 00:00:00',NULL,FALSE), (433,52,'Regular','R10',NULL,137.0000,'2010-10-01 00:00:00','2011-04-30 00:00:00',NULL,FALSE), (434,52,'Special','R01',NULL,75.0000,'2010-10-01 00:00:00','2011-04-30 00:00:00',NULL,FALSE), (435,52,'Split','R01',NULL,68.5000,'2010-10-01 00:00:00','2011-04-30 00:00:00',NULL,FALSE), (436,53,'Regular','R01',NULL,137.0000,'2010-10-01 00:00:00','2011-04-30 00:00:00',NULL,FALSE), (437,53,'Special','R01',NULL,75.0000,'2010-10-01 00:00:00','2011-04-30 00:00:00',NULL,FALSE), (438,53,'Split','R01',NULL,68.5000,'2010-10-01 00:00:00','2011-04-30 00:00:00',NULL,FALSE), (439,54,'Regular','R01',NULL,137.0000,'2010-10-01 00:00:00','2011-04-30 00:00:00',NULL,FALSE), (440,54,'Special','R01',NULL,75.0000,'2010-10-01 00:00:00','2011-04-30 00:00:00',NULL,FALSE), (441,54,'Split','R01',NULL,68.5000,'2010-10-01 00:00:00','2011-04-30 00:00:00',NULL,FALSE), (442,55,'Regular','R01',NULL,137.0000,'2010-10-01 00:00:00','2011-04-30 00:00:00',NULL,FALSE), (443,55,'Special','R01',NULL,75.0000,'2010-10-01 00:00:00','2011-04-30 00:00:00',NULL,FALSE), (444,55,'Split','R01',NULL,68.5000,'2010-10-01 00:00:00','2011-04-30 00:00:00',NULL,FALSE), (445,25,'Regular','R01',NULL,201.0000,'2010-10-01 00:00:00','2011-04-30 00:00:00',NULL,FALSE), (446,25,'Split','R01',NULL,100.5000,'2010-10-01 00:00:00','2011-04-30 00:00:00',NULL,FALSE), (447,25,'Special','R01',NULL,124.0000,'2010-10-01 00:00:00','2011-04-30 00:00:00',NULL,FALSE), (448,6,'Regular','R04',NULL,189.0000,'2010-10-01 00:00:00','2011-04-30 00:00:00',NULL,FALSE), (449,6,'Special','R01',NULL,113.0000,'2010-10-01 00:00:00','2011-04-30 00:00:00',NULL,FALSE), (450,6,'Split','R01',NULL,94.5000,'2010-10-01 00:00:00','2011-04-30 00:00:00',NULL,FALSE), (451,7,'Regular','R04',NULL,189.0000,'2010-10-01 00:00:00','2011-04-30 00:00:00',NULL,FALSE), (452,7,'Special','R01',NULL,113.0000,'2010-10-01 00:00:00','2011-04-30 00:00:00',NULL,FALSE), (453,7,'Split','R01',NULL,94.5000,'2010-10-01 00:00:00','2011-04-30 00:00:00',NULL,FALSE), (454,8,'Regular','R04',NULL,189.0000,'2010-10-01 00:00:00','2011-04-30 00:00:00',NULL,FALSE), (455,8,'Special','R01',NULL,113.0000,'2010-10-01 00:00:00','2011-04-30 00:00:00',NULL,FALSE), (456,8,'Split','R01',NULL,94.5000,'2010-10-01 00:00:00','2011-04-30 00:00:00',NULL,FALSE), (457,9,'Regular','R02',NULL,200.0000,'2010-10-01 00:00:00','2011-04-30 00:00:00',NULL,FALSE), (458,9,'Special','R01',NULL,123.0000,'2010-10-01 00:00:00','2011-04-30 00:00:00',NULL,FALSE), (459,9,'Split','R01',NULL,100.0000,'2010-10-01 00:00:00','2011-04-30 00:00:00',NULL,FALSE), (460,10,'Regular','R02',NULL,200.0000,'2010-10-01 00:00:00','2011-04-30 00:00:00',NULL,FALSE), (461,10,'Special','R01',NULL,123.0000,'2010-10-01 00:00:00','2011-04-30 00:00:00',NULL,FALSE), (462,10,'Split','R01',NULL,100.0000,'2010-10-01 00:00:00','2011-04-30 00:00:00',NULL,FALSE), (463,11,'Regular','R02',NULL,200.0000,'2010-10-01 00:00:00','2011-04-30 00:00:00',NULL,FALSE), (464,11,'Special','R01',NULL,123.0000,'2010-10-01 00:00:00','2011-04-30 00:00:00',NULL,FALSE), (465,11,'Split','R01',NULL,100.0000,'2010-10-01 00:00:00','2011-04-30 00:00:00',NULL,FALSE), (466,12,'Regular','R02',NULL,200.0000,'2010-10-01 00:00:00','2011-04-30 00:00:00',NULL,FALSE), (467,12,'Special','R01',NULL,123.0000,'2010-10-01 00:00:00','2011-04-30 00:00:00',NULL,FALSE), (468,12,'Split','R01',NULL,100.0000,'2010-10-01 00:00:00','2011-04-30 00:00:00',NULL,FALSE), (469,13,'Regular','R02',NULL,200.0000,'2010-10-01 00:00:00','2011-04-30 00:00:00',NULL,FALSE), (470,13,'Special','R01',NULL,123.0000,'2010-10-01 00:00:00','2011-04-30 00:00:00',NULL,FALSE), (471,13,'Split','R01',NULL,100.0000,'2010-10-01 00:00:00','2011-04-30 00:00:00',NULL,FALSE), (472,14,'Regular','R02',NULL,200.0000,'2010-10-01 00:00:00','2011-04-30 00:00:00',NULL,FALSE), (473,14,'Special','R01',NULL,123.0000,'2010-10-01 00:00:00','2011-04-30 00:00:00',NULL,FALSE), (474,14,'Split','R01',NULL,100.0000,'2010-10-01 00:00:00','2011-04-30 00:00:00',NULL,FALSE), (475,28,'Regular','R01',NULL,201.0000,'2010-10-01 00:00:00','2011-04-30 00:00:00',NULL,FALSE), (476,28,'Split','R01',NULL,100.5000,'2010-10-01 00:00:00','2011-04-30 00:00:00',NULL,FALSE), (477,28,'Special','R01',NULL,124.0000,'2010-10-01 00:00:00','2011-04-30 00:00:00',NULL,FALSE), (478,67,'Regular','R01',NULL,137.0000,'2010-10-01 00:00:00','2011-04-30 00:00:00',NULL,FALSE), (479,67,'Special','R01',NULL,75.0000,'2010-10-01 00:00:00','2011-04-30 00:00:00',NULL,FALSE), (480,67,'Split','R01',NULL,68.5000,'2010-10-01 00:00:00','2011-04-30 00:00:00',NULL,FALSE), (481,32,'Regular','R01',NULL,178.0000,'2010-10-01 00:00:00','2011-04-30 00:00:00',NULL,FALSE), (482,32,'Special','R01',NULL,104.0000,'2010-10-01 00:00:00','2011-04-30 00:00:00',NULL,FALSE), (483,32,'Split','R01',NULL,89.0000,'2010-10-01 00:00:00','2011-04-30 00:00:00',NULL,FALSE), (484,33,'Regular','R01',NULL,178.0000,'2010-10-01 00:00:00','2011-04-30 00:00:00',NULL,FALSE), (485,33,'Special','R01',NULL,104.0000,'2010-10-01 00:00:00','2011-04-30 00:00:00',NULL,FALSE), (486,33,'Split','R01',NULL,89.0000,'2010-10-01 00:00:00','2011-04-30 00:00:00',NULL,FALSE), (487,16,'Regular','R60',NULL,211.0000,'2010-10-01 00:00:00','2011-04-30 00:00:00',NULL,FALSE), (488,16,'Special','R01',NULL,130.0000,'2010-10-01 00:00:00','2011-04-30 00:00:00',NULL,FALSE), (489,16,'Split','R01',NULL,105.5000,'2010-10-01 00:00:00','2011-04-30 00:00:00',NULL,FALSE), (490,24,'Regular','R01',NULL,201.0000,'2010-10-01 00:00:00','2011-04-30 00:00:00',NULL,FALSE), (491,24,'Special','R01',NULL,124.0000,'2010-10-01 00:00:00','2011-04-30 00:00:00',NULL,FALSE), (492,24,'Split','R01',NULL,100.5000,'2010-10-01 00:00:00','2011-04-30 00:00:00',NULL,FALSE), (493,42,'Regular','R01',NULL,163.0000,'2010-10-01 00:00:00','2011-04-30 00:00:00',NULL,FALSE), (494,42,'Special','R01',NULL,93.0000,'2010-10-01 00:00:00','2011-04-30 00:00:00',NULL,FALSE), (495,42,'Split','R01',NULL,81.5000,'2010-10-01 00:00:00','2011-04-30 00:00:00',NULL,FALSE), (496,43,'Regular','R01',NULL,163.0000,'2010-10-01 00:00:00','2011-04-30 00:00:00',NULL,FALSE), (497,43,'Special','R01',NULL,93.0000,'2010-10-01 00:00:00','2011-04-30 00:00:00',NULL,FALSE), (498,43,'Split','R01',NULL,81.5000,'2010-10-01 00:00:00','2011-04-30 00:00:00',NULL,FALSE), (499,44,'Regular','R01',NULL,163.0000,'2010-10-01 00:00:00','2011-04-30 00:00:00',NULL,FALSE), (500,44,'Special','R01',NULL,93.0000,'2010-10-01 00:00:00','2011-04-30 00:00:00',NULL,FALSE), (501,44,'Split','R01',NULL,81.5000,'2010-10-01 00:00:00','2011-04-30 00:00:00',NULL,FALSE), (502,45,'Regular','R01',NULL,163.0000,'2010-10-01 00:00:00','2011-04-30 00:00:00',NULL,FALSE), (503,45,'Special','R01',NULL,93.0000,'2010-10-01 00:00:00','2011-04-30 00:00:00',NULL,FALSE), (504,45,'Split','R01',NULL,81.5000,'2010-10-01 00:00:00','2011-04-30 00:00:00',NULL,FALSE), (505,46,'Regular','R01',NULL,163.0000,'2010-10-01 00:00:00','2011-04-30 00:00:00',NULL,FALSE), (506,46,'Special','R01',NULL,93.0000,'2010-10-01 00:00:00','2011-04-30 00:00:00',NULL,FALSE), (507,46,'Split','R01',NULL,81.5000,'2010-10-01 00:00:00','2011-04-30 00:00:00',NULL,FALSE), (508,47,'Regular','R01',NULL,163.0000,'2010-10-01 00:00:00','2011-04-30 00:00:00',NULL,FALSE), (509,47,'Special','R01',NULL,93.0000,'2010-10-01 00:00:00','2011-04-30 00:00:00',NULL,FALSE), (510,47,'Split','R01',NULL,81.5000,'2010-10-01 00:00:00','2011-04-30 00:00:00',NULL,FALSE), (511,48,'Regular','R01',NULL,163.0000,'2010-10-01 00:00:00','2011-04-30 00:00:00',NULL,FALSE), (512,48,'Special','R01',NULL,93.0000,'2010-10-01 00:00:00','2011-04-30 00:00:00',NULL,FALSE), (513,48,'Split','R01',NULL,81.5000,'2010-10-01 00:00:00','2011-04-30 00:00:00',NULL,FALSE), (514,23,'Regular','R01',NULL,201.0000,'2010-10-01 00:00:00','2011-04-30 00:00:00',NULL,FALSE), (515,23,'Split','R01',NULL,100.5000,'2010-10-01 00:00:00','2011-04-30 00:00:00',NULL,FALSE), (516,23,'Special','R01',NULL,124.0000,'2010-10-01 00:00:00','2011-04-30 00:00:00',NULL,FALSE), (517,29,'Regular','R01',NULL,178.0000,'2010-10-01 00:00:00','2011-04-30 00:00:00',NULL,FALSE), (518,29,'Special','R01',NULL,104.0000,'2010-10-01 00:00:00','2011-04-30 00:00:00',NULL,FALSE), (519,29,'Split','R01',NULL,89.0000,'2010-10-01 00:00:00','2011-04-30 00:00:00',NULL,FALSE), (520,30,'Regular','R01',NULL,178.0000,'2010-10-01 00:00:00','2011-04-30 00:00:00',NULL,FALSE), (521,30,'Special','R01',NULL,104.0000,'2010-10-01 00:00:00','2011-04-30 00:00:00',NULL,FALSE), (522,30,'Split','R01',NULL,89.0000,'2010-10-01 00:00:00','2011-04-30 00:00:00',NULL,FALSE), (523,31,'Regular','R01',NULL,178.0000,'2010-10-01 00:00:00','2011-04-30 00:00:00',NULL,FALSE), (524,31,'Special','R01',NULL,104.0000,'2010-10-01 00:00:00','2011-04-30 00:00:00',NULL,FALSE), (525,31,'Split','R01',NULL,89.0000,'2010-10-01 00:00:00','2011-04-30 00:00:00',NULL,FALSE), (526,34,'Regular','R01',NULL,163.0000,'2010-10-01 00:00:00','2011-04-30 00:00:00',NULL,FALSE), (527,34,'Special','R01',NULL,93.0000,'2010-10-01 00:00:00','2011-04-30 00:00:00',NULL,FALSE), (528,34,'Split','R01',NULL,81.5000,'2010-10-01 00:00:00','2011-04-30 00:00:00',NULL,FALSE), (529,35,'Regular','R01',NULL,163.0000,'2010-10-01 00:00:00','2011-04-30 00:00:00',NULL,FALSE), (530,35,'Special','R01',NULL,93.0000,'2010-10-01 00:00:00','2011-04-30 00:00:00',NULL,FALSE), (531,35,'Split','R01',NULL,81.5000,'2010-10-01 00:00:00','2011-04-30 00:00:00',NULL,FALSE), (532,36,'Regular','R01',NULL,163.0000,'2010-10-01 00:00:00','2011-04-30 00:00:00',NULL,FALSE), (533,36,'Special','R01',NULL,93.0000,'2010-10-01 00:00:00','2011-04-30 00:00:00',NULL,FALSE), (534,36,'Split','R01',NULL,81.5000,'2010-10-01 00:00:00','2011-04-30 00:00:00',NULL,FALSE), (535,37,'Regular','R01',NULL,163.0000,'2010-10-01 00:00:00','2011-04-30 00:00:00',NULL,FALSE), (536,37,'Special','R01',NULL,93.0000,'2010-10-01 00:00:00','2011-04-30 00:00:00',NULL,FALSE), (537,37,'Split','R01',NULL,81.5000,'2010-10-01 00:00:00','2011-04-30 00:00:00',NULL,FALSE), (538,38,'Regular','R01',NULL,163.0000,'2010-10-01 00:00:00','2011-04-30 00:00:00',NULL,FALSE), (539,38,'Special','R01',NULL,93.0000,'2010-10-01 00:00:00','2011-04-30 00:00:00',NULL,FALSE), (540,38,'Split','R01',NULL,81.5000,'2010-10-01 00:00:00','2011-04-30 00:00:00',NULL,FALSE), (541,39,'Regular','R01',NULL,163.0000,'2010-10-01 00:00:00','2011-04-30 00:00:00',NULL,FALSE), (542,39,'Special','R01',NULL,93.0000,'2010-10-01 00:00:00','2011-04-30 00:00:00',NULL,FALSE), (543,39,'Split','R01',NULL,81.5000,'2010-10-01 00:00:00','2011-04-30 00:00:00',NULL,FALSE), (544,40,'Regular','R01',NULL,163.0000,'2010-10-01 00:00:00','2011-04-30 00:00:00',NULL,FALSE), (545,40,'Special','R01',NULL,93.0000,'2010-10-01 00:00:00','2011-04-30 00:00:00',NULL,FALSE), (546,40,'Split','R01',NULL,81.5000,'2010-10-01 00:00:00','2011-04-30 00:00:00',NULL,FALSE), (547,17,'Regular','R01',NULL,201.0000,'2010-10-01 00:00:00','2011-04-30 00:00:00',NULL,FALSE), (548,17,'Special','R01',NULL,124.0000,'2010-10-01 00:00:00','2011-04-30 00:00:00',NULL,FALSE), (549,17,'Split','R01',NULL,100.5000,'2010-10-01 00:00:00','2011-04-30 00:00:00',NULL,FALSE), (550,18,'Regular','R01',NULL,201.0000,'2010-10-01 00:00:00','2011-04-30 00:00:00',NULL,FALSE), (551,18,'Special','R01',NULL,124.0000,'2010-10-01 00:00:00','2011-04-30 00:00:00',NULL,FALSE), (552,18,'Split','R01',NULL,100.5000,'2010-10-01 00:00:00','2011-04-30 00:00:00',NULL,FALSE), (553,19,'Regular','R01',NULL,201.0000,'2010-10-01 00:00:00','2011-04-30 00:00:00',NULL,FALSE), (554,19,'Special','R01',NULL,124.0000,'2010-10-01 00:00:00','2011-04-30 00:00:00',NULL,FALSE), (555,19,'Split','R01',NULL,100.5000,'2010-10-01 00:00:00','2011-04-30 00:00:00',NULL,FALSE), (556,20,'Regular','R01',NULL,200.0000,'2010-10-01 00:00:00','2011-04-30 00:00:00',NULL,FALSE), (557,20,'Special','R01',NULL,123.0000,'2010-10-01 00:00:00','2011-04-30 00:00:00',NULL,FALSE), (558,20,'Split','R01',NULL,100.0000,'2010-10-01 00:00:00','2011-04-30 00:00:00',NULL,FALSE), (559,21,'Regular','R01',NULL,200.0000,'2010-10-01 00:00:00','2011-04-30 00:00:00',NULL,FALSE), (560,21,'Special','R01',NULL,123.0000,'2010-10-01 00:00:00','2011-04-30 00:00:00',NULL,FALSE), (561,21,'Split','R01',NULL,100.0000,'2010-10-01 00:00:00','2011-04-30 00:00:00',NULL,FALSE);

-- ---- tblInventory -> ypl.inventory_items ----
INSERT INTO "ypl"."inventory_items" ("inventoryid", "invtype", "invcode", "invitemdescription", "invamount", "invgst", "invpst", "invhst", "invlt", "invrt", "invht", "invnotes", "invarchive", "invdmt") VALUES (114,'Miscellaneous','X10','Massage - 1 hour',0.0000,FALSE,FALSE,FALSE,FALSE,FALSE,FALSE,'<div>No taxes selected</div>',FALSE,FALSE), (115,'Miscellaneous','X11','Massage - 1½ hours',0.0000,FALSE,FALSE,FALSE,FALSE,FALSE,FALSE,'<div>No taxes selected</div>',FALSE,FALSE), (116,'Shuttle','SH1','Shuttle One-Way',10.0000,TRUE,FALSE,FALSE,FALSE,FALSE,FALSE,NULL,TRUE,FALSE), (117,'Shirts and Clothing','S32','T-shirt I Love YP',8.9300,TRUE,TRUE,FALSE,FALSE,FALSE,FALSE,NULL,TRUE,FALSE), (119,'Shuttle','SH2','Shuttle Round-Trip',20.0000,TRUE,FALSE,FALSE,FALSE,FALSE,FALSE,NULL,TRUE,FALSE), (120,'Sundries','X12','Kirkland Sparkling Water',1.6700,TRUE,FALSE,FALSE,FALSE,FALSE,FALSE,NULL,TRUE,FALSE), (121,'Sundries','X13','Soft Drink',0.9500,TRUE,FALSE,FALSE,FALSE,FALSE,FALSE,NULL,FALSE,FALSE), (123,'Sundries','X15','Large Bottle Water',3.8100,TRUE,FALSE,FALSE,FALSE,FALSE,FALSE,NULL,TRUE,FALSE), (126,'Shirts and Clothing','S30','L/S Ladies T - Tan',13.3900,TRUE,TRUE,FALSE,FALSE,FALSE,FALSE,NULL,TRUE,FALSE), (127,'Shirts and Clothing','S31','L/S Ladies T - Brown',13.3900,TRUE,TRUE,FALSE,FALSE,FALSE,FALSE,NULL,TRUE,FALSE), (138,'Shirts and Clothing','S19','Vest - Down',44.6400,TRUE,TRUE,FALSE,FALSE,FALSE,FALSE,NULL,TRUE,FALSE), (140,'Shirts and Clothing','S69',NULL,NULL,TRUE,TRUE,FALSE,FALSE,FALSE,FALSE,NULL,FALSE,FALSE), (141,'Shirts and Clothing','S16','Tri Tee Black',23.2100,TRUE,TRUE,FALSE,FALSE,FALSE,FALSE,NULL,TRUE,FALSE), (143,'Shirts and Clothing','S33','University of YP Black Tee Shirt',10.0000,TRUE,TRUE,FALSE,FALSE,FALSE,FALSE,NULL,TRUE,FALSE), (144,'Shirts and Clothing','S68','Jackson Tee White',23.2100,TRUE,TRUE,FALSE,FALSE,FALSE,FALSE,NULL,TRUE,FALSE), (145,'Sundries','X16',NULL,NULL,FALSE,FALSE,FALSE,FALSE,FALSE,FALSE,NULL,FALSE,FALSE), (147,'Sundries','X17','AA Batteries',1.3400,TRUE,TRUE,FALSE,FALSE,FALSE,FALSE,NULL,FALSE,FALSE), (150,'Shirts and Clothing','S34','Hoodies Black',58.0400,TRUE,TRUE,FALSE,FALSE,FALSE,FALSE,NULL,TRUE,FALSE), (154,'Shirts and Clothing','S35','Hoodies Grey',58.0400,TRUE,TRUE,FALSE,FALSE,FALSE,FALSE,NULL,TRUE,FALSE), (158,'Sundries','X18','Bug Spray',8.9300,TRUE,TRUE,FALSE,FALSE,FALSE,FALSE,NULL,FALSE,FALSE), (159,'Sundries','X19','Photocopy',0.2800,TRUE,FALSE,FALSE,FALSE,FALSE,FALSE,NULL,FALSE,FALSE), (161,'Red Wine','L49','Quails Gate Pinot Noir',36.5200,TRUE,FALSE,FALSE,TRUE,FALSE,FALSE,NULL,FALSE,FALSE), (162,'Red Wine','L51','Burrowing Owl Merlot',36.5200,TRUE,FALSE,FALSE,TRUE,FALSE,FALSE,NULL,FALSE,FALSE), (163,'White Wine','L50','Quails'' Gate Chenin Blanc',21.7400,TRUE,FALSE,FALSE,TRUE,FALSE,FALSE,NULL,FALSE,FALSE), (164,'Beer and Cider','L52','Tall Beer: L''wood Pale Ale,Stoutnik, Tofino, LWIPA',4.7800,TRUE,FALSE,FALSE,TRUE,FALSE,FALSE,NULL,FALSE,FALSE), (165,'Liqueurs','L53','Villa Teresa Prosecco',14.7800,TRUE,FALSE,FALSE,TRUE,FALSE,FALSE,NULL,FALSE,FALSE), (166,'Shirts and Clothing','S37','Brown Sherpa Jacket',80.3600,TRUE,TRUE,FALSE,FALSE,FALSE,FALSE,NULL,TRUE,FALSE), (167,'Shirts and Clothing','S36','University of YP Navy T Shirt',10.0000,TRUE,TRUE,FALSE,FALSE,FALSE,FALSE,NULL,TRUE,FALSE), (170,'Miscellaneous','X01','Misc.',0.0000,TRUE,FALSE,FALSE,FALSE,FALSE,FALSE,NULL,FALSE,FALSE), (172,'Shirts and Clothing','S50','Tee V-Neck-Plum',13.3900,TRUE,TRUE,FALSE,FALSE,FALSE,FALSE,NULL,TRUE,FALSE), (173,'Sundries','X21','AAA batteries',0.8900,TRUE,TRUE,FALSE,FALSE,FALSE,FALSE,NULL,FALSE,FALSE), (174,'Liqueurs','L54','Sheringham Gin 100ml btl',13.0400,TRUE,FALSE,FALSE,TRUE,FALSE,FALSE,NULL,TRUE,FALSE), (176,'Red Wine','L55','Bottle wine shared',0.0000,TRUE,FALSE,FALSE,TRUE,FALSE,FALSE,NULL,FALSE,FALSE), (177,'Shirts and Clothing','S39','Black Zippered Hoodie',65.1800,TRUE,TRUE,FALSE,FALSE,FALSE,FALSE,'<div>staff price $58.79</div>',TRUE,FALSE), (179,'Shirts and Clothing','S38','Triathlon T Shirt',17.8600,TRUE,TRUE,FALSE,FALSE,FALSE,FALSE,NULL,TRUE,FALSE), (180,'Red Wine','L56','J Lohr Seven Oaks Cab.Sauv.',31.3000,TRUE,FALSE,FALSE,TRUE,FALSE,FALSE,NULL,FALSE,FALSE), (181,'Red Wine','L57','Tinhorn Creek Cabernet Franc',38.2600,TRUE,FALSE,FALSE,TRUE,FALSE,FALSE,NULL,FALSE,FALSE), (182,'Shirts and Clothing','S40','Jacket-Ladies Navy',44.6400,TRUE,TRUE,FALSE,FALSE,FALSE,FALSE,NULL,TRUE,FALSE), (183,'Shirts and Clothing','S41','Ladies Sweater Fleece Jacket',84.3800,TRUE,TRUE,FALSE,FALSE,FALSE,FALSE,NULL,TRUE,FALSE), (184,'White Wine','L58','Burrowing Owl Sauv. Blanc',29.5700,TRUE,FALSE,FALSE,TRUE,FALSE,FALSE,NULL,FALSE,FALSE), (186,'Beer and Cider','L59','Longwood IPA',4.7800,TRUE,FALSE,FALSE,TRUE,FALSE,FALSE,NULL,TRUE,FALSE), (187,'Beer and Cider','L60','Longwood Island Time Lager',3.4800,TRUE,FALSE,FALSE,TRUE,FALSE,FALSE,NULL,TRUE,FALSE), (188,'Shirts and Clothing','s42','University of YP Grey Tee shirt',10.0000,TRUE,TRUE,FALSE,FALSE,FALSE,FALSE,NULL,TRUE,FALSE), (191,'Shirts and Clothing','S43','Hoodie-Sapphire',31.2500,TRUE,TRUE,FALSE,FALSE,FALSE,FALSE,NULL,TRUE,FALSE), (193,'Shirts and Clothing','S44','Hoodie-Charcoal',35.7100,TRUE,TRUE,FALSE,FALSE,FALSE,FALSE,NULL,TRUE,FALSE), (194,'Shirts and Clothing','S45','Tee Shirt - Blue',17.8600,TRUE,TRUE,FALSE,FALSE,FALSE,FALSE,NULL,TRUE,FALSE), (195,'Shirts and Clothing','S46','Tee V-Neck White',25.0000,TRUE,TRUE,FALSE,FALSE,FALSE,FALSE,NULL,TRUE,FALSE), (196,'Shirts and Clothing','S47','Tee V-Neck Black',25.0000,TRUE,TRUE,FALSE,FALSE,FALSE,FALSE,NULL,TRUE,FALSE), (197,'Liqueurs','L61','Wallflower Gin 375ml',22.6100,TRUE,FALSE,FALSE,TRUE,FALSE,FALSE,NULL,FALSE,FALSE), (198,'Shirts and Clothing','S48','Hoodie-Red',31.2500,TRUE,TRUE,FALSE,FALSE,FALSE,FALSE,NULL,TRUE,FALSE), (199,'Shirts and Clothing','S49','Tee V-Neck-Pink',23.2100,TRUE,TRUE,FALSE,FALSE,FALSE,FALSE,NULL,TRUE,FALSE), (200,'Sundries','X22','Flashlight',7.6200,TRUE,FALSE,FALSE,FALSE,FALSE,FALSE,NULL,FALSE,FALSE), (201,'White Wine','L62','Alderlea Sauvignon Blanc',25.2200,TRUE,FALSE,FALSE,TRUE,FALSE,FALSE,NULL,FALSE,FALSE), (202,'Shirts and Clothing','S51','Tee V-Neck-Baby Blue',13.3900,TRUE,TRUE,FALSE,FALSE,FALSE,FALSE,NULL,TRUE,FALSE), (203,'Shirts and Clothing','S52','Tee V-Neck-Diningroom',11.0000,TRUE,TRUE,FALSE,FALSE,FALSE,FALSE,NULL,TRUE,FALSE), (204,'Shirts and Clothing','S17','Tri Tee Grey',26.7900,TRUE,TRUE,FALSE,FALSE,FALSE,FALSE,NULL,FALSE,FALSE), (205,'Shirts and Clothing','S53','75th Blue T-shirt',19.6400,TRUE,TRUE,FALSE,FALSE,FALSE,FALSE,'<div>YPL $14.95/16.95 </div>',TRUE,FALSE), (206,'Shirts and Clothing','S54','75th long sleeve shirt',66.9600,TRUE,TRUE,FALSE,FALSE,FALSE,FALSE,'<div>YPL 47.95/49.95</div>

<div>&nbsp;</div>',TRUE,FALSE), (207,'Shirts and Clothing','S55','75th navy hoodie',31.2500,TRUE,TRUE,FALSE,FALSE,FALSE,FALSE,'<div>YPL $49.95/$51.95</div>',TRUE,FALSE), (208,'Shirts and Clothing','S56','75th navy sweatshirt',31.2500,TRUE,TRUE,FALSE,FALSE,FALSE,FALSE,'<div>YPL $32.95/$34.95</div>',TRUE,FALSE), (211,'Shirts and Clothing','S57','Tee V-Neck Smokey Grey',26.7900,TRUE,TRUE,FALSE,FALSE,FALSE,FALSE,NULL,TRUE,FALSE), (212,'Shirts and Clothing','S58','Tee V-Neck Lilac',23.2100,TRUE,TRUE,FALSE,FALSE,FALSE,FALSE,NULL,TRUE,FALSE), (214,'White Wine','L63','Gray Monk Chardonnay',21.7400,TRUE,FALSE,FALSE,TRUE,FALSE,FALSE,NULL,FALSE,FALSE), (216,'White Wine','L64','Blue Gouse Ortega',22.6100,TRUE,FALSE,FALSE,TRUE,FALSE,FALSE,NULL,TRUE,FALSE), (217,'Shirts and Clothing','S59','Tee V-Neck Red',23.2100,TRUE,TRUE,FALSE,FALSE,FALSE,FALSE,NULL,TRUE,FALSE), (218,'Shirts and Clothing','S60','Tee V-Neck Royal Blue',26.7900,TRUE,TRUE,FALSE,FALSE,FALSE,FALSE,NULL,TRUE,FALSE), (219,'White Wine','L65','Sandhill Sauvignon Blanc',20.8700,TRUE,FALSE,FALSE,TRUE,FALSE,FALSE,NULL,FALSE,FALSE), (220,'Red Wine','L67','7 Deadly Zins',33.0400,TRUE,FALSE,FALSE,TRUE,FALSE,FALSE,NULL,FALSE,FALSE), (221,'Shirts and Clothing','S61','LADIES BLUE STORMCHECK',84.8200,TRUE,TRUE,FALSE,FALSE,FALSE,FALSE,NULL,TRUE,FALSE), (223,'Sundries','X23','Water Bottle',22.3300,TRUE,TRUE,FALSE,FALSE,FALSE,FALSE,NULL,FALSE,FALSE), (224,'White Wine','L68','Prosecco Organic Anna Spinato',22.6100,TRUE,FALSE,FALSE,TRUE,FALSE,FALSE,NULL,FALSE,FALSE), (225,'Beauty Services','X24','A Ultimate Pampering Pedi',0.0000,FALSE,FALSE,FALSE,FALSE,FALSE,FALSE,NULL,FALSE,FALSE), (226,'Beauty Services','X25','B Pedi & Mani',0.0000,FALSE,FALSE,FALSE,FALSE,FALSE,FALSE,NULL,FALSE,FALSE), (227,'Beauty Services','X26','C The Man Pedi',0.0000,FALSE,FALSE,FALSE,FALSE,FALSE,FALSE,NULL,FALSE,FALSE), (228,'Beauty Services','X27','D Reflex Massage',0.0000,FALSE,FALSE,FALSE,FALSE,FALSE,FALSE,NULL,FALSE,FALSE), (230,'Shirts and Clothing','S62','Moonlight Blue Tee',26.7900,TRUE,TRUE,FALSE,FALSE,FALSE,FALSE,NULL,TRUE,FALSE), (231,'Beer and Cider','L69','Hey Y''All Hard Ice Tea',2.6100,TRUE,FALSE,FALSE,TRUE,FALSE,FALSE,NULL,TRUE,FALSE), (232,'Beauty Services','X28','Beauty Products',0.0000,FALSE,FALSE,FALSE,FALSE,FALSE,FALSE,NULL,FALSE,FALSE), (233,'White Wine','L70','Quill Pinot Gris',20.8700,TRUE,FALSE,FALSE,TRUE,FALSE,FALSE,NULL,TRUE,FALSE), (234,'Shirts and Clothing','S63','CANSO zip hoodie',45.5400,TRUE,TRUE,FALSE,FALSE,FALSE,FALSE,NULL,TRUE,FALSE), (235,'Liqueurs','L71','Bailey''s 750 ml.',32.6100,TRUE,FALSE,FALSE,TRUE,FALSE,FALSE,NULL,FALSE,FALSE), (236,'White Wine','L72','Blue Grouse Pinot Gris',20.8700,TRUE,FALSE,FALSE,TRUE,FALSE,FALSE,NULL,TRUE,FALSE), (238,'Beauty Services','X29','F Facial',0.0000,FALSE,FALSE,FALSE,FALSE,FALSE,FALSE,NULL,FALSE,FALSE), (239,'Red Wine','L73','Malbec-Norton Barrel Select',19.1300,TRUE,FALSE,FALSE,TRUE,FALSE,FALSE,NULL,TRUE,FALSE), (240,'Beer and Cider','L74','Tofino Kelp Stout',4.7800,TRUE,FALSE,FALSE,TRUE,FALSE,FALSE,NULL,TRUE,FALSE), (241,'Liqueurs','L75','2oz Arbutus Vodka',6.9600,TRUE,FALSE,FALSE,TRUE,FALSE,FALSE,NULL,FALSE,FALSE), (242,'Sundries','X30','San Pellegrino 750 ml',4.7600,TRUE,FALSE,FALSE,FALSE,FALSE,FALSE,NULL,FALSE,FALSE), (244,'Beer and Cider','L76','White Claw',3.9100,TRUE,FALSE,FALSE,TRUE,FALSE,FALSE,NULL,TRUE,FALSE), (245,'Shirts and Clothing','S64','Flex Ball Cap',26.7900,TRUE,TRUE,FALSE,FALSE,FALSE,FALSE,NULL,FALSE,FALSE), (246,'White Wine','L77','Kim Crawford Sauvignon Blanc',26.0900,TRUE,FALSE,FALSE,TRUE,FALSE,FALSE,NULL,TRUE,FALSE), (247,'Sundries','X32','Memorial Bench',523.8100,TRUE,FALSE,FALSE,FALSE,FALSE,FALSE,NULL,FALSE,FALSE), (248,'Beer and Cider','L78','Lonetree apple cider',3.9100,TRUE,FALSE,FALSE,TRUE,FALSE,FALSE,NULL,TRUE,FALSE), (249,'Shirts and Clothing','S65','ATC zip hoodie',45.5400,TRUE,TRUE,FALSE,FALSE,FALSE,FALSE,NULL,TRUE,FALSE), (250,'Shirts and Clothing','S66','YPL Plaid Shirt',66.9600,TRUE,TRUE,FALSE,FALSE,FALSE,FALSE,NULL,TRUE,FALSE), (251,'Shirts and Clothing','S67','L/S shirt black',40.1800,TRUE,TRUE,FALSE,FALSE,FALSE,FALSE,NULL,TRUE,FALSE), (252,'Shirts and Clothing','S71',NULL,23.2100,TRUE,TRUE,FALSE,FALSE,FALSE,FALSE,NULL,TRUE,FALSE), (253,'Sundries','X31','Memorial Chair',428.5700,TRUE,FALSE,FALSE,FALSE,FALSE,FALSE,NULL,FALSE,FALSE), (254,'Sundries','X33','Ear Plugs',3.7900,TRUE,TRUE,FALSE,FALSE,FALSE,FALSE,NULL,FALSE,FALSE), (256,'Shirts and Clothing','S18','Tri Tee Red',23.2100,TRUE,TRUE,FALSE,FALSE,FALSE,FALSE,NULL,TRUE,FALSE), (257,'Beer and Cider','L02','Heineken',3.9100,TRUE,FALSE,FALSE,TRUE,FALSE,FALSE,NULL,TRUE,FALSE), (258,'Beer and Cider','L03','McEwans',3.9100,TRUE,FALSE,FALSE,TRUE,FALSE,FALSE,NULL,TRUE,FALSE), (259,'Beer and Cider','L04','Bottled Beer: Hein, Corona, Innis & Gunn',3.9100,TRUE,FALSE,FALSE,TRUE,FALSE,FALSE,NULL,FALSE,FALSE), (260,'Shirts and Clothing','S70','Gift Cert Purchased',NULL,FALSE,FALSE,FALSE,FALSE,FALSE,FALSE,NULL,FALSE,FALSE), (261,'Beer and Cider','L79','Innis & Gunn',3.4800,TRUE,FALSE,FALSE,TRUE,FALSE,FALSE,NULL,TRUE,FALSE), (262,'Shirts and Clothing','S69',NULL,NULL,FALSE,FALSE,FALSE,FALSE,FALSE,FALSE,NULL,FALSE,FALSE), (263,'Red Wine','L80','Santa Julia Malbec',20.8700,TRUE,FALSE,FALSE,TRUE,FALSE,FALSE,NULL,FALSE,FALSE), (264,'Beer and Cider','L81','Nudes',3.4800,TRUE,FALSE,FALSE,TRUE,FALSE,FALSE,NULL,TRUE,FALSE), (265,'Shirts and Clothing','S26','tote bag',15.0000,TRUE,TRUE,FALSE,FALSE,FALSE,FALSE,NULL,TRUE,FALSE), (267,'Shirts and Clothing','S26','tote bag',14.2900,TRUE,TRUE,FALSE,FALSE,FALSE,FALSE,NULL,TRUE,FALSE), (268,'Red Wine','L57','Tinhorn Creek',38.2600,TRUE,FALSE,FALSE,TRUE,FALSE,FALSE,NULL,TRUE,FALSE), (269,'White Wine','L82','Poplar Grove Chardonnay',31.3000,TRUE,FALSE,FALSE,TRUE,FALSE,FALSE,NULL,FALSE,FALSE), (270,'Miscellaneous','X33','scholarship donation',NULL,FALSE,FALSE,FALSE,FALSE,FALSE,FALSE,NULL,FALSE,FALSE), (272,'Shirts and Clothing','S70','travel mug',23.2100,TRUE,TRUE,FALSE,FALSE,FALSE,FALSE,NULL,TRUE,FALSE), (273,'Red Wine','L83','Burrowing Owl Cab Sauvignon',36.5200,TRUE,FALSE,FALSE,TRUE,FALSE,FALSE,NULL,TRUE,FALSE), (274,'Red Wine','L84','Quails Gate Merlot',26.0900,TRUE,FALSE,FALSE,TRUE,FALSE,FALSE,NULL,TRUE,FALSE), (275,'Shirts and Clothing','S28','raincoat',75.0000,TRUE,TRUE,FALSE,FALSE,FALSE,FALSE,NULL,TRUE,FALSE), (276,'Beer and Cider','L85','Baltic Porter',4.7800,TRUE,FALSE,FALSE,TRUE,FALSE,FALSE,NULL,TRUE,FALSE), (278,'Sundries','X34',NULL,NULL,FALSE,FALSE,FALSE,FALSE,FALSE,FALSE,NULL,FALSE,FALSE), (279,'White Wine','L86','Autumn Gold Riesling, Gew, Pinot Blanc',22.6100,TRUE,FALSE,FALSE,TRUE,FALSE,FALSE,NULL,FALSE,FALSE), (280,'Red Wine','L87','Wyndham Bin 555 Shiraz',20.8700,TRUE,FALSE,FALSE,TRUE,FALSE,FALSE,NULL,FALSE,FALSE), (282,'Beer and Cider','L88','Patron 50ml btl.',7.8200,TRUE,FALSE,FALSE,TRUE,FALSE,FALSE,NULL,TRUE,FALSE), (283,'Shirts and Clothing','S69','Henley T Shirt',40.1800,TRUE,TRUE,FALSE,FALSE,FALSE,FALSE,NULL,FALSE,FALSE), (284,'Liqueurs','L89','Asst. 50ml btl',6.9600,TRUE,FALSE,FALSE,TRUE,FALSE,FALSE,NULL,FALSE,FALSE), (285,'White Wine','L90','Stoneleigh Sauvignon Blanc',21.7400,TRUE,FALSE,FALSE,TRUE,FALSE,FALSE,NULL,FALSE,FALSE), (286,'Shirts and Clothing','S71','Stormtech Hoodie',88.3900,TRUE,TRUE,FALSE,FALSE,FALSE,FALSE,NULL,FALSE,FALSE), (289,'Beer and Cider','L76',NULL,NULL,FALSE,FALSE,FALSE,FALSE,FALSE,FALSE,NULL,TRUE,FALSE), (290,'Sundries','M14','Saturday dinner',28.5800,TRUE,FALSE,FALSE,FALSE,FALSE,FALSE,NULL,FALSE,FALSE), (291,'Shirts and Clothing','S32',NULL,NULL,FALSE,FALSE,FALSE,FALSE,FALSE,FALSE,NULL,TRUE,FALSE), (293,'Shirts and Clothing','s72','toque',31.2500,TRUE,TRUE,FALSE,FALSE,FALSE,FALSE,NULL,FALSE,FALSE), (294,'Gift Certificate','G01','Gift certificate purchase',NULL,FALSE,FALSE,FALSE,FALSE,FALSE,FALSE,NULL,FALSE,FALSE), (295,'Beer and Cider','L85','Baltic Porter',NULL,TRUE,FALSE,FALSE,TRUE,FALSE,FALSE,NULL,TRUE,FALSE), (296,'Shirts and Clothing','S05','Black Get to the point sweatshirt',53.5700,TRUE,TRUE,FALSE,FALSE,FALSE,FALSE,NULL,FALSE,FALSE), (297,'Shirts and Clothing','S73','tote bag',31.2500,TRUE,TRUE,FALSE,FALSE,FALSE,FALSE,NULL,FALSE,FALSE), (298,'Sundries','X35','deoderant',7.0000,TRUE,TRUE,FALSE,FALSE,FALSE,FALSE,NULL,FALSE,FALSE), (299,'Liqueurs','L91','Sheringham Vodka',27.8300,TRUE,FALSE,FALSE,TRUE,FALSE,FALSE,NULL,FALSE,FALSE), (301,'Shirts and Clothing','S74','micro fleece blue',60.7100,TRUE,TRUE,FALSE,FALSE,FALSE,FALSE,NULL,FALSE,FALSE), (302,'Shirts and Clothing','S75','micro fleece maroon',60.7100,TRUE,TRUE,FALSE,FALSE,FALSE,FALSE,NULL,FALSE,FALSE), (303,'Shirts and Clothing','S76','plaid winter jacket',110.0000,FALSE,TRUE,FALSE,FALSE,FALSE,FALSE,NULL,FALSE,FALSE), (304,'Liqueurs','L92','Krupnik Honey Liqueur',30.4400,TRUE,FALSE,FALSE,TRUE,FALSE,FALSE,NULL,FALSE,FALSE), (305,'Liqueurs','L93','Depth Charge Espresso Vodka',27.8300,TRUE,FALSE,FALSE,TRUE,FALSE,FALSE,NULL,FALSE,FALSE), (306,'Liqueurs','L94','Drunken Hive Honey Amber Rum',39.1300,TRUE,FALSE,FALSE,TRUE,FALSE,FALSE,NULL,FALSE,FALSE), (307,'Beer and Cider','L01','Canned Beer: Isl Time, Blue Buck, Hop Circle',3.9100,TRUE,FALSE,FALSE,TRUE,FALSE,FALSE,NULL,FALSE,FALSE), (308,'Liqueurs','L95','2oz Depth Charge Espresso Vodka',6.9600,TRUE,FALSE,FALSE,TRUE,FALSE,FALSE,NULL,FALSE,FALSE), (309,'Liqueurs','L96','2oz Drunken Hive Honey Rum',6.9600,TRUE,FALSE,FALSE,TRUE,FALSE,FALSE,NULL,FALSE,FALSE), (311,'Liqueurs','L97','2oz Krupnik Honey Liqueur',6.9600,TRUE,FALSE,FALSE,TRUE,FALSE,FALSE,NULL,FALSE,FALSE), (312,'Liqueurs','L98','2oz Wallflower Gin',6.9600,TRUE,FALSE,FALSE,TRUE,FALSE,FALSE,NULL,FALSE,FALSE), (14,'Shirts and Clothing','S18','Tri Tee Black',17.8600,TRUE,TRUE,FALSE,FALSE,FALSE,FALSE,NULL,TRUE,FALSE), (15,'Shirts and Clothing','S70',NULL,23.2100,TRUE,TRUE,FALSE,FALSE,FALSE,FALSE,'<div>Check correct taxes checked</div>

<div>Check correct taxes checked</div>

<div>&nbsp;</div>',TRUE,FALSE), (16,'Beer and Cider','L05','Cider,White Claw,Clamato,Cutwater',4.7800,TRUE,FALSE,FALSE,TRUE,FALSE,FALSE,'<div>Check correct taxes checked</div>

<div>Check correct taxes checked</div>

<div>&nbsp;</div>',FALSE,FALSE), (17,'Beer and Cider','L06','Corona',3.9100,TRUE,FALSE,FALSE,TRUE,FALSE,FALSE,'<div>Check correct taxes checked</div>

<div>Check correct taxes checked</div>

<div>&nbsp;</div>',TRUE,FALSE), (18,'White Wine','L07','Red Rooster Pinot3',21.7400,TRUE,FALSE,FALSE,TRUE,FALSE,FALSE,'<div>Check correct taxes checked</div>

<div>Check correct taxes checked</div>

<div>&nbsp;</div>',FALSE,FALSE), (19,NULL,'L08','Special Order',2.6100,TRUE,FALSE,FALSE,TRUE,FALSE,FALSE,'<div>Check correct taxes checked</div>

<div>Check correct taxes checked</div>

<div>&nbsp;</div>',TRUE,FALSE), (20,'White Wine','L09 ','Jackson Triggs Sauvignon Blanc',17.3900,TRUE,FALSE,FALSE,TRUE,FALSE,FALSE,'<div>Check correct taxes checked</div>

<div>Check correct taxes checked</div>

<div>&nbsp;</div>',FALSE,FALSE), (21,'Red Wine','L10','Saltram Cab Sauv',17.3900,TRUE,FALSE,FALSE,TRUE,FALSE,FALSE,'<div>Check correct taxes checked</div>

<div>Check correct taxes checked</div>

<div>&nbsp;</div>',FALSE,FALSE), (22,'Red Wine','L11','Wolf Blass Yellow Label',22.6100,TRUE,FALSE,FALSE,TRUE,FALSE,FALSE,'<div>Check correct taxes checked</div>

<div>Check correct taxes checked</div>

<div>&nbsp;</div>',FALSE,FALSE), (23,'White Wine','L12','Segura Viudas Cava Brut',22.6100,TRUE,FALSE,FALSE,TRUE,FALSE,FALSE,'<div>Check correct taxes checked</div>

<div>Check correct taxes checked</div>

<div>&nbsp;</div>',FALSE,FALSE), (24,'White Wine','L13 ','Villa Teresa Pinot Grigio',22.6100,TRUE,FALSE,FALSE,TRUE,FALSE,FALSE,'<div>Check correct taxes checked</div>

<div>Check correct taxes checked</div>

<div>&nbsp;</div>',TRUE,FALSE), (25,'White Wine','L14','Ca dei Frati',26.9600,TRUE,FALSE,FALSE,TRUE,FALSE,FALSE,'<div>Check correct taxes checked</div>

<div>Check correct taxes checked</div>

<div>&nbsp;</div>',FALSE,FALSE), (26,'White Wine','L15','Luna Argenta Prosecco',22.6100,TRUE,FALSE,FALSE,TRUE,FALSE,FALSE,'<div>Check correct taxes checked</div>

<div>Check correct taxes checked</div>

<div>&nbsp;</div>',FALSE,FALSE), (27,'Red Wine','L16','Quail''s Gate Meritage',36.5200,TRUE,FALSE,FALSE,TRUE,FALSE,FALSE,'<div>Check correct taxes checked</div>

<div>Check correct taxes checked</div>

<div>&nbsp;</div>',FALSE,FALSE), (28,'White Wine','L17','Grey Monk Pinot Gris',25.2200,TRUE,FALSE,FALSE,TRUE,FALSE,FALSE,'<div>Check correct taxes checked</div>

<div>Check correct taxes checked</div>

<div>&nbsp;</div>',FALSE,FALSE), (29,'Red Wine','L18','Cedar Creek Cab. Merlot',26.9600,TRUE,FALSE,FALSE,TRUE,FALSE,FALSE,'<div>Check correct taxes checked</div>

<div>Check correct taxes checked</div>

<div>&nbsp;</div>',FALSE,FALSE), (30,'White Wine','L19','Santa Margherita Rose',22.6100,TRUE,FALSE,FALSE,TRUE,FALSE,FALSE,'<div>Check correct taxes checked</div>

<div>Check correct taxes checked</div>

<div>&nbsp;</div>',FALSE,FALSE), (31,'White Wine','L20','Filarino Sangiovese Rose',22.6100,TRUE,FALSE,FALSE,TRUE,FALSE,FALSE,'<div>Check correct taxes checked</div>

<div>Check correct taxes checked</div>

<div>&nbsp;</div>',FALSE,FALSE), (33,'White Wine','L22','Gray Monk Gewurztraminer',21.7400,TRUE,FALSE,FALSE,TRUE,FALSE,FALSE,'<div>Check correct taxes checked</div>

<div>Check correct taxes checked</div>

<div>&nbsp;</div>',FALSE,FALSE), (34,'White Wine','L23','Steller''s Jay Sparkling Rose',30.4400,TRUE,FALSE,FALSE,TRUE,FALSE,FALSE,'<div>Check correct taxes checked</div>

<div>Check correct taxes checked</div>

<div>&nbsp;</div>',FALSE,FALSE), (35,'Red Wine','L24','Gray Monk Meritage',31.3000,TRUE,FALSE,FALSE,TRUE,FALSE,FALSE,'<div>Check correct taxes checked</div>

<div>Check correct taxes checked</div>

<div>&nbsp;</div>',FALSE,FALSE), (36,'White Wine','L25','Quail''s Gate Gewurtzemeiner',20.8700,TRUE,FALSE,TRUE,TRUE,FALSE,FALSE,'<div>Check correct taxes checked</div>

<div>Check correct taxes checked</div>

<div>&nbsp;</div>',TRUE,FALSE), (37,'Red Wine','L26 ','Langmeil Barossa Shiraz',33.0400,TRUE,FALSE,FALSE,TRUE,FALSE,FALSE,'<div>Check correct taxes checked</div>

<div>Check correct taxes checked</div>

<div>&nbsp;</div>',FALSE,FALSE), (38,'Liqueurs','L27 ','Baileys 200 ml',12.9500,TRUE,FALSE,FALSE,TRUE,FALSE,FALSE,'<div>Check correct taxes checked</div>

<div>Check correct taxes checked</div>

<div>&nbsp;</div>',TRUE,FALSE), (39,'White Wine','L28','Freixenet Cava',22.6100,TRUE,FALSE,FALSE,TRUE,FALSE,FALSE,'<div>Check correct taxes checked</div>

<div>Check correct taxes checked</div>

<div>&nbsp;</div>',FALSE,FALSE), (40,'Red Wine','L29','Alderlea Clarinet',23.4800,TRUE,FALSE,FALSE,TRUE,FALSE,FALSE,'<div>Check correct taxes checked</div>

<div>Check correct taxes checked</div>

<div>&nbsp;</div>',FALSE,FALSE), (41,'Red Wine','L30','House Wine - 1 L. ',21.3000,TRUE,FALSE,FALSE,TRUE,FALSE,FALSE,'<div>Check correct taxes checked</div>

<div>Check correct taxes checked</div>

<div>&nbsp;</div>',FALSE,FALSE), (42,'White Wine','L31','House Wine - ½  L. ',10.6500,TRUE,FALSE,FALSE,TRUE,FALSE,FALSE,'<div>Check correct taxes checked</div>

<div>Check correct taxes checked</div>

<div>&nbsp;</div>',FALSE,FALSE), (43,'White Wine','L32','House Wine - Glass',3.9100,TRUE,FALSE,FALSE,TRUE,FALSE,FALSE,'<div>Check correct taxes checked</div>

<div>Check correct taxes checked</div>

<div>&nbsp;</div>',FALSE,FALSE), (44,'Liqueurs','L35','Port - Bottle',26.9600,TRUE,FALSE,FALSE,TRUE,FALSE,FALSE,'<div>Check correct taxes checked</div>

<div>Check correct taxes checked</div>

<div>&nbsp;</div>',FALSE,FALSE), (45,'Liqueurs','L34','Port - Glass',6.9600,TRUE,FALSE,FALSE,TRUE,FALSE,FALSE,'<div>Check correct taxes checked</div>

<div>Check correct taxes checked</div>

<div>&nbsp;</div>',FALSE,FALSE), (46,'Liqueurs','L35','Sherry - Bottle',21.7400,TRUE,FALSE,FALSE,TRUE,FALSE,FALSE,'<div>Check correct taxes checked</div>

<div>Check correct taxes checked</div>

<div>&nbsp;</div>',TRUE,FALSE), (47,'Liqueurs','L36','Sherry - Glass',3.0500,TRUE,FALSE,FALSE,TRUE,FALSE,FALSE,'<div>Check correct taxes checked</div>

<div>Check correct taxes checked</div>

<div>&nbsp;</div>',TRUE,FALSE), (48,'Liqueurs','L37','Henkel Troken',12.1700,TRUE,FALSE,FALSE,TRUE,FALSE,FALSE,'<div>Check correct taxes checked</div>

<div>Check correct taxes checked</div>

<div>&nbsp;</div>',TRUE,FALSE), (49,'White Wine','L38','Freixenet',23.4800,TRUE,FALSE,FALSE,TRUE,FALSE,FALSE,'<div>Check correct taxes checked</div>

<div>Check correct taxes checked</div>

<div>&nbsp;</div>',TRUE,FALSE), (50,'Liqueurs','L39','Bailey''s  - 375 ml.',24.3500,TRUE,FALSE,FALSE,TRUE,FALSE,FALSE,'<div>Check correct taxes checked</div>

<div>Check correct taxes checked</div>

<div>&nbsp;</div>',FALSE,FALSE), (51,'Liqueurs','L40','Bailey''s - Glass',5.2200,TRUE,FALSE,FALSE,TRUE,FALSE,FALSE,'<div>Check correct taxes checked</div>

<div>Check correct taxes checked</div>

<div>&nbsp;</div>',TRUE,FALSE), (52,'Liqueurs','L41','Drambuie - 375 ml.',33.9100,TRUE,FALSE,FALSE,TRUE,FALSE,FALSE,'<div>Check correct taxes checked</div>

<div>Check correct taxes checked</div>

<div>&nbsp;</div>',FALSE,FALSE), (53,'Liqueurs','L42','Drambuie - Glass',6.9600,TRUE,FALSE,FALSE,TRUE,FALSE,FALSE,'<div>Check correct taxes checked</div>

<div>Check correct taxes checked</div>

<div>&nbsp;</div>',FALSE,FALSE), (54,'Liqueurs','L43','Grand Marnier - 200 ml.',18.2600,TRUE,FALSE,FALSE,TRUE,FALSE,FALSE,'<div>Check correct taxes checked</div>

<div>Check correct taxes checked</div>

<div>&nbsp;</div>',FALSE,FALSE), (55,'Liqueurs','L44','Grand Marnier - Glass',6.9600,TRUE,FALSE,FALSE,TRUE,FALSE,FALSE,'<div>Check correct taxes checked</div>

<div>Check correct taxes checked</div>

<div>&nbsp;</div>',FALSE,FALSE), (56,'Liqueurs','L45','Kahlua - 375 ml.',24.3500,TRUE,FALSE,FALSE,TRUE,FALSE,FALSE,'<div>Check correct taxes checked</div>

<div>Check correct taxes checked</div>

<div>&nbsp;</div>',FALSE,FALSE), (57,'Liqueurs','L46','Kahlua - Glass',6.9600,TRUE,FALSE,FALSE,TRUE,FALSE,FALSE,'<div>Check correct taxes checked</div>

<div>Check correct taxes checked</div>

<div>&nbsp;</div>',FALSE,FALSE), (58,'Liqueurs','L47','St. Remy - 375 ml.',18.2600,TRUE,FALSE,FALSE,TRUE,FALSE,FALSE,'<div>Check correct taxes checked</div>

<div>Check correct taxes checked</div>

<div>&nbsp;</div>',FALSE,FALSE), (59,'Liqueurs','L48','St. Remy - Glass',6.9600,TRUE,FALSE,FALSE,TRUE,FALSE,FALSE,'<div>Check correct taxes checked</div>

<div>Check correct taxes checked</div>

<div>&nbsp;</div>',FALSE,FALSE), (60,NULL,'M01','Extra Breakfast',14.2900,TRUE,FALSE,FALSE,FALSE,FALSE,FALSE,'<div>No taxes selected</div>',FALSE,FALSE), (61,NULL,'M02','Extra Lunch',14.2900,TRUE,FALSE,FALSE,FALSE,FALSE,FALSE,'<div>No taxes selected</div>',FALSE,FALSE), (62,NULL,'M03','Sun-Thurs Dinner',19.0500,TRUE,FALSE,FALSE,FALSE,FALSE,FALSE,'<div>No taxes selected</div>',FALSE,FALSE), (63,NULL,'M04','Deducted Breakfast',-4.0000,FALSE,FALSE,FALSE,FALSE,FALSE,FALSE,'<div>No taxes selected</div>',FALSE,FALSE), (64,NULL,'M05','Deducted Lunch',-5.5000,FALSE,FALSE,FALSE,FALSE,FALSE,FALSE,'<div>No taxes selected</div>',FALSE,FALSE), (65,NULL,'M06','Deducted Dinner',-9.0000,FALSE,FALSE,FALSE,FALSE,FALSE,FALSE,'<div>No taxes selected</div>',FALSE,FALSE), (66,NULL,'M07','Single Rate - Less Meal Deduction',-18.0000,FALSE,FALSE,FALSE,FALSE,FALSE,FALSE,'<div>No taxes selected</div>',FALSE,FALSE), (67,NULL,'M08','Special Diet - Two People',4.2600,TRUE,FALSE,FALSE,FALSE,FALSE,FALSE,'<div>No taxes selected</div>',FALSE,FALSE), (68,NULL,'M09','New Years',50.0000,FALSE,FALSE,FALSE,FALSE,FALSE,FALSE,'<div>No taxes selected</div>',FALSE,FALSE), (69,NULL,'M10','Unclaimed Special Breakfast',7.4000,TRUE,FALSE,FALSE,FALSE,FALSE,FALSE,'<div>No taxes selected</div>',FALSE,FALSE), (70,NULL,'M11','Unclaimed Special Lunch',9.3300,TRUE,FALSE,FALSE,FALSE,FALSE,FALSE,'<div>No taxes selected</div>',FALSE,FALSE), (71,NULL,'M12','Unclaimed Special Dinner',16.5300,TRUE,FALSE,FALSE,FALSE,FALSE,FALSE,'<div>No taxes selected</div>',FALSE,FALSE), (72,'Sundries','M13','Friday Night Dinner',23.8100,TRUE,FALSE,FALSE,FALSE,FALSE,FALSE,'<div>No taxes selected</div>',FALSE,FALSE), (73,'Sundries','P01','Long Distance Charge',0.0000,TRUE,FALSE,FALSE,FALSE,FALSE,FALSE,'<div>Check correct taxes checked</div>

<div>Check correct taxes checked</div>

<div>&nbsp;</div>',FALSE,FALSE), (74,'Sundries','P02','Fax Charge',0.0000,TRUE,FALSE,FALSE,FALSE,FALSE,FALSE,'<div>Check correct taxes checked</div>

<div>Check correct taxes checked</div>

<div>&nbsp;</div>',FALSE,FALSE), (75,'Sundries','P03','Postage Reimbursed',0.0000,TRUE,FALSE,FALSE,FALSE,FALSE,FALSE,'<div>Check correct taxes checked</div>

<div>Check correct taxes checked</div>

<div>&nbsp;</div>',FALSE,FALSE), (77,'Shirts and Clothing','S02','Navy Hoodie',53.5700,TRUE,TRUE,FALSE,FALSE,FALSE,FALSE,'<div>Check correct taxes checked</div>

<div>Check correct taxes checked</div>

<div>&nbsp;</div>',FALSE,FALSE), (78,'Shirts and Clothing','S03','Blue Get to the point sweatshirt',53.5700,TRUE,TRUE,FALSE,FALSE,FALSE,FALSE,'<div>Check correct taxes checked</div>

<div>Check correct taxes checked</div>

<div>&nbsp;</div>',FALSE,FALSE), (79,'Shirts and Clothing','S04','Light Grey Hoodie',53.5700,TRUE,TRUE,FALSE,FALSE,FALSE,FALSE,'<div>Check correct taxes checked</div>

<div>Check correct taxes checked</div>

<div>&nbsp;</div>',FALSE,FALSE), (80,'Shirts and Clothing','S05','Tee Shirt - Dark Grey',31.2500,TRUE,TRUE,FALSE,FALSE,FALSE,FALSE,'<div>Check correct taxes checked</div>

<div>Check correct taxes checked</div>

<div>&nbsp;</div>',FALSE,FALSE), (81,'Shirts and Clothing','S11','Tee Shirt - Black',13.3900,TRUE,TRUE,FALSE,FALSE,FALSE,FALSE,'<div>Check correct taxes checked</div>

<div>Check correct taxes checked</div>

<div>&nbsp;</div>',TRUE,FALSE), (82,'Shirts and Clothing','S08','Tee Shirt - Red',31.2500,TRUE,TRUE,FALSE,FALSE,FALSE,FALSE,'<div>Check correct taxes checked</div>

<div>Check correct taxes checked</div>

<div>&nbsp;</div>',FALSE,FALSE), (83,'Shirts and Clothing','S08','Tee Shirt - Light Grey',31.2500,TRUE,TRUE,FALSE,FALSE,FALSE,FALSE,'<div>Check correct taxes checked</div>

<div>Check correct taxes checked</div>

<div>&nbsp;</div>',FALSE,FALSE), (84,'Shirts and Clothing','S09','Black Get to the point tee',31.2500,TRUE,TRUE,FALSE,FALSE,FALSE,FALSE,'<div>Check correct taxes checked</div>

<div>Check correct taxes checked</div>

<div>&nbsp;</div>',FALSE,FALSE), (85,'Shirts and Clothing','S10','Watermelon Get to the point tee',31.2500,TRUE,TRUE,FALSE,FALSE,FALSE,FALSE,'<div>Check correct taxes checked</div>

<div>Check correct taxes checked</div>

<div>&nbsp;</div>',FALSE,FALSE), (86,'Shirts and Clothing','S11','Moss Get to the Point Tee',31.2500,TRUE,TRUE,FALSE,FALSE,FALSE,FALSE,'<div>Check correct taxes checked</div>

<div>Check correct taxes checked</div>

<div>&nbsp;</div>',FALSE,FALSE), (87,'Shirts and Clothing','S12','Seafoam Get to the point tee',31.2500,TRUE,TRUE,FALSE,FALSE,FALSE,FALSE,'<div>Check correct taxes checked</div>

<div>Check correct taxes checked</div>

<div>&nbsp;</div>',FALSE,FALSE), (88,'Shirts and Clothing','S13','Tee Shirt - Asphalt',26.7900,TRUE,TRUE,FALSE,FALSE,FALSE,FALSE,'<div>Check correct taxes checked</div>

<div>Check correct taxes checked</div>

<div>&nbsp;</div>',FALSE,FALSE), (89,'Shirts and Clothing','S14','Tee Shirt - Purple',13.3900,TRUE,TRUE,FALSE,FALSE,FALSE,FALSE,'<div>Check correct taxes checked</div>

<div>Check correct taxes checked</div>

<div>&nbsp;</div>',TRUE,FALSE), (90,'Shirts and Clothing','S15','Espresso Get to the Point Tee',31.2500,TRUE,TRUE,FALSE,FALSE,FALSE,FALSE,'<div>Check correct taxes checked</div>

<div>Check correct taxes checked</div>

<div>&nbsp;</div>',FALSE,FALSE), (91,'Shirts and Clothing','S16','Tee Shirt - Brochure',13.3900,TRUE,TRUE,FALSE,FALSE,FALSE,FALSE,'<div>Check correct taxes checked</div>

<div>Check correct taxes checked</div>

<div>&nbsp;</div>',TRUE,FALSE), (93,'Shirts and Clothing','S17','Tri - T  White',10.7100,TRUE,TRUE,FALSE,FALSE,FALSE,FALSE,'<div>Check correct taxes checked</div>

<div>Check correct taxes checked</div>

<div>&nbsp;</div>',TRUE,FALSE), (95,'Shirts and Clothing','S20','L/S shirt blue',33.0400,TRUE,TRUE,FALSE,FALSE,FALSE,FALSE,'<div>Check correct taxes checked</div>

<div>Check correct taxes checked</div>

<div>&nbsp;</div>',TRUE,FALSE), (96,'Shirts and Clothing','S21','L/S shirt grey',40.1800,TRUE,TRUE,FALSE,FALSE,FALSE,FALSE,'<div>Check correct taxes checked</div>

<div>Check correct taxes checked</div>

<div>&nbsp;</div>',FALSE,FALSE), (97,'Shirts and Clothing','S22','Hoodie - Black',66.9600,TRUE,TRUE,FALSE,FALSE,FALSE,FALSE,'<div>Check correct taxes checked</div>

<div>Check correct taxes checked</div>

<div>&nbsp;</div>',TRUE,FALSE), (98,'Shirts and Clothing','S23','Hoodie - Olive',66.9600,TRUE,TRUE,FALSE,FALSE,FALSE,FALSE,'<div>Check correct taxes checked</div>

<div>Check correct taxes checked</div>

<div>&nbsp;</div>',TRUE,FALSE), (99,'Shirts and Clothing','S24','Hoodie - Brown',66.9600,TRUE,TRUE,FALSE,FALSE,FALSE,FALSE,'<div>Check correct taxes checked</div>

<div>Check correct taxes checked</div>

<div>&nbsp;</div>',TRUE,FALSE), (100,'Shirts and Clothing','S25','Cap',13.3900,TRUE,TRUE,FALSE,FALSE,FALSE,FALSE,'<div>Check correct taxes checked</div>

<div>Check correct taxes checked</div>

<div>&nbsp;</div>',TRUE,FALSE), (101,'Shirts and Clothing','S26','plaid winter jacket',110.0000,FALSE,TRUE,FALSE,FALSE,FALSE,FALSE,'<div>Check correct taxes checked</div>

<div>Check correct taxes checked</div>

<div>&nbsp;</div>',FALSE,FALSE), (102,'Shirts and Clothing','S27','Vest - Fleece',46.4300,TRUE,TRUE,FALSE,FALSE,FALSE,FALSE,'<div>Check correct taxes checked</div>

<div>Check correct taxes checked</div>

<div>&nbsp;</div>',FALSE,FALSE), (103,'Shirts and Clothing','S28','Jacket - Ladie''s Brown',75.8900,TRUE,TRUE,FALSE,FALSE,FALSE,FALSE,'<div>Check correct taxes checked</div>

<div>Check correct taxes checked</div>

<div>&nbsp;</div>',TRUE,FALSE), (104,'Shirts and Clothing','S29','Dining Room T - Shirt',8.9300,TRUE,TRUE,FALSE,FALSE,FALSE,FALSE,'<div>Check correct taxes checked</div>

<div>Check correct taxes checked</div>

<div>&nbsp;</div>',FALSE,FALSE), (105,'Sundries','X20','Tampons',0.2800,TRUE,TRUE,FALSE,FALSE,FALSE,FALSE,'<div>No taxes selected for Misc.</div>',FALSE,FALSE), (106,'Sundries','X02','Sunscreen',11.1600,TRUE,TRUE,FALSE,FALSE,FALSE,FALSE,'<div>Check correct taxes checked</div>

<div>Check correct taxes checked</div>

<div>&nbsp;</div>',FALSE,FALSE), (107,'Sundries','X03','Toothbrush',3.5700,TRUE,TRUE,FALSE,FALSE,FALSE,FALSE,'<div>Check correct taxes checked</div>

<div>Check correct taxes checked</div>

<div>&nbsp;</div>',FALSE,FALSE), (108,'Sundries','X04','Toothpaste',1.7900,TRUE,TRUE,FALSE,FALSE,FALSE,FALSE,'<div>Check correct taxes checked</div>

<div>Check correct taxes checked</div>

<div>&nbsp;</div>',FALSE,FALSE), (109,'Sundries','X05','Hair Brush',0.0000,TRUE,TRUE,FALSE,FALSE,FALSE,FALSE,'<div>Check correct taxes checked</div>

<div>Check correct taxes checked</div>

<div>&nbsp;</div>',FALSE,FALSE), (110,'Sundries','X06','Shampoo & conditioner',0.8900,TRUE,TRUE,FALSE,FALSE,FALSE,FALSE,'<div>Check correct taxes checked</div>

<div>&nbsp;</div>

<div>&nbsp;</div>',FALSE,FALSE), (111,'Sundries','X07','Notecard',3.5700,TRUE,TRUE,FALSE,FALSE,FALSE,FALSE,'<div>No taxes selected</div>',FALSE,FALSE), (112,'Sundries','X08','Book - Custodian of Yellow Point',23.8100,TRUE,FALSE,FALSE,FALSE,FALSE,FALSE,'<div>No taxes selected</div>',FALSE,FALSE), (113,'Sundries','X09','Book - Baby Steve',14.2600,TRUE,FALSE,FALSE,FALSE,FALSE,FALSE,'<div>No taxes selected</div>',FALSE,FALSE), (222,'White Wine','L66','Summerhill Organic Ehrenfelser',20.8700,TRUE,FALSE,FALSE,TRUE,FALSE,FALSE,NULL,FALSE,FALSE), (310,'Liqueurs','L99','2 oz  Arbutus Vodka',6.9600,TRUE,FALSE,FALSE,TRUE,FALSE,FALSE,NULL,TRUE,FALSE), (122,'Sundries','X14','Corona Sunbrew,Guiness,Partake,Iota non alcoholic',2.6800,TRUE,TRUE,FALSE,FALSE,FALSE,FALSE,NULL,FALSE,FALSE);

-- ---- tblInventoryExcel -> ypl.inventory_excel_import ----
INSERT INTO "ypl"."inventory_excel_import" ("invcode", "invitemdescription", "invamount") VALUES ('C01','Cash Purchases by YPL (-)',NULL), ('C02 ','Cash Reimbursement',NULL), ('D01 ','Donation by YPL (-)',NULL), ('G01','Gift Certificate Purchased',NULL), ('G02','Cancellation Fee',NULL), ('G03','Transfer',NULL), ('L01','Canned Beer',2.1700), ('L02','Import Beer Heineken',2.8300), ('L03','Import Beer McEwans',2.8300), ('L04 ','Bottled Beer',2.3900), ('L05','Cider',2.6100), ('L06','Corona',2.8300), ('L07','Tyrell''s Long Flat Shiraz',15.0000), ('L08','Special Order',NULL), ('L09 ','Jackson Triggs Sauvignon Blanc',16.0900), ('L10','Hardy''s Shiraz Cab Sauv.',15.6500), ('L11','Wolf Blass Yellow Label',21.7400), ('L12','Blue Grouse Pinot Gris',24.3500), ('L13 ','Villa Teresa Pinot Grigio',18.2600), ('L14','Stag''s Hollow Merlot Cab',23.4800), ('L15','Kettle Valley Semillion Sauv Blanc',25.2200), ('L16','Columbia Crest Cab. Sauv. ',25.2200), ('L17','Heartland Stickleback',17.1700), ('L18','Cedar Creek Cab. Merlot',18.7000), ('L19','Mad Dogs and Englishmen',17.1700), ('L20','Rosemont Estate Chardonay',19.5700), ('L21','Blasted Chruch Dam Flood',21.7400), ('L22','Tarapaca Sauv. Blanc',21.6100), ('L23','Cedar Creek Pinot Blanc',17.3900), ('L24','Cedar Creek Ehrenfelser',20.6500), ('L25','Quail''s Gate Gewurtzemeiner',18.2600), ('L26 ','Fetzer Zinfandel',17.3900), ('L27 ','Quail''s Gate Cab. Sauv. ',23.0400), ('L28','Quail''s Gate Old Vines Foch',28.9100), ('L29','Yellow Tail Shiraz',15.0000), ('L30','House Wine - 1 L. ',10.8700), ('L31','House Wine - ½  L. ',5.6500), ('L32','House Wine - Glass',2.1700), ('L33','Port - Bottle',22.1700), ('L34','Port - Glass',3.4800), ('L35','Sherry - Bottle',20.4300), ('L36','Sherry - Glass',3.0400), ('L37','Henkel Troken',10.0000), ('L38','Banrock Sparkling Chardonay',16.0900), ('L39','Bailey''s  - 375 ml.',18.9100), ('L40','Bailey''s - Glass',3.0200), ('L41','Drambuie - 375 ml.',29.7800), ('L42','Drambuie - Glass',4.3500), ('L43','Grand Marnier - 200 ml.',16.9600), ('L44','Grand Marnier - Glass',4.3500), ('L45','Kahlua - 200 ml.',10.8700), ('L46','Kahlua - Glass',3.0400), ('L47','St. Remy - 375 ml.',12.6100), ('L48','St. Remy - Glass',2.6100), ('M01','Extra Breakfast',6.6200), ('M02','Extra Lunch',8.3300), ('M03','Extra Dinner',14.7600), ('M04','Deducted Breakfast',4.0000), ('M05','Deducted Lunch',5.5000), ('M06','Deducted Dinner',9.0000), ('M07','Single Rate - Less Meal Deduction',18.0000), ('M08','Special Diet - Two People',4.0000), ('M09','Special Diet - One Person',2.0000), ('M10','Unclaimed Special Breakfast',6.9500), ('M11','Unclaimed Special Lunch',8.7500), ('M12','Unclaimed Special Dinner',15.5000), ('M13','Saturday Night Dinner',19.0500), ('P01','Long Distance Charge',NULL), ('P02','Fax Charge',NULL), ('P03','Postage Reimbursed',NULL), ('S01','Sweatshirt - Grey',31.2500), ('S02','Sweatshirt - Natural',31.2500), ('S03','Sweatshirt - Black',31.2500), ('S04','Sweatshirt - Indigo',31.2500), ('S05','Sweatshirt - Yellow',31.2500), ('S06','Tee Shirt - Black',17.8600), ('S07','Tee Shirt - Red',17.8600), ('S08','Tee Shirt - Yellow ',17.8600), ('S09','Tee Shirt - Royal',17.8600), ('S10','Tee Shirt - Orange',17.8600), ('S11','Tee Shirt - Green',17.8600), ('S12','Tee Shirt - Lilac',17.8600), ('S13','Tee Shirt - Grey',17.8600), ('S14','Tee Shirt - Purple',17.8600), ('S15','Tee Shirt - Equation',17.8600), ('S16','Tee Shirt - Brochure',17.8600), ('S17','Tri - T  Black',16.7400), ('S18','Tri - T  White',16.7400), ('S19','Tri - T Grey',16.7400), ('S20','Tri - T  Long Sleeve',22.3200), ('S21','Polo Shirt - Blue',40.1800), ('S22','Hoodie - Black',66.9600), ('S23','Hoodie - Olive',66.9600), ('S24','Hoodie - Brown',66.9600), ('S25','Cap',15.6300), ('S26','Looper Fleece Jacket',53.5700), ('S27','Jacket - Coal Harbour',NULL), ('S28','Jacket - Northend',NULL), ('S29','Dining Room T - Shirt',5.5000), ('X01','Misc. ',NULL), ('X02','Sunscreen',12.7500), ('X03','Toothbrush',NULL), ('X04','Toothpaste',NULL), ('X05','Hair Brush',NULL), ('X06','Shampoo',2.0000), ('X07','Notecard',1.9000), ('X08','Book - Custodian of Yellow Point',19.0500), ('X09','Book - Baby Steve',14.2800), ('X10','Massage - 1 hour',75.0000), ('X11','Massage - 1½ hours',115.0000);

-- ---- tblPaymentTypeZero -> ypl.payment_type_zero ----
INSERT INTO "ypl"."payment_type_zero" ("paymenttype", "paymentamount", "paymentcurrency") VALUES ('Amex',0.0000,'Cdn dollars'), ('Cash',0.0000,'Cdn dollars'), ('Cheque',0.0000,'Cdn dollars'), ('Debit Card',0.0000,'Cdn dollars'), ('Gift Certificate',0.0000,'Cdn dollars'), ('Mastercard',0.0000,'Cdn dollars'), ('None (Sent to A/R)',0.0000,'Cdn dollars'), ('Paid Out',0.0000,'Cdn dollars'), ('Traveller''s Cheque',0.0000,'Cdn dollars'), ('U.S. Cash',0.0000,'US dollars'), ('U.S. Cheque',0.0000,'US dollars'), ('U.S. Exchange',0.0000,'US dollars'), ('U.S. Traveller''s Cheque',0.0000,'US dollars'), ('Visa',0.0000,'Cdn dollars');

-- ---- tblPaymentZero -> ypl.payment_zero ----
INSERT INTO "ypl"."payment_zero" ("paymentcode", "paymentcategory", "paymentamount", "paymentcurrency") VALUES ('AR1','A/R (Sent To Accounts)',0.0000,'Cdn dollars'), ('AR2','A/R (Payment Received)',0.0000,'Cdn dollars'), ('D01','Deposit (Received)',0.0000,'Cdn dollars'), ('D02','Deposit (Applied)',0.0000,'Cdn dollars'), ('D03','Deposit (Refund)',0.0000,'Cdn dollars'), ('DN1','Donation',0.0000,'Cdn dollars'), ('G01','Gratuity',0.0000,'Cdn dollars'), ('P01','Payment (Regular)',0.0000,'Cdn dollars'), ('P02','Gift Certificate Received',0.0000,'Cdn dollars'), ('PC1','Paid Out',0.0000,'Cdn dollars'), ('PR1','Prepayment (Received)',0.0000,'Cdn dollars'), ('PR2','Prepayment (Applied)',0.0000,'Cdn dollars'), ('PR3','Prepayment (Refund)',0.0000,'Cdn dollars'), ('RS1','Reimbursed by Staff',0.0000,'Cdn dollars'), ('D04','Deposit (Kept)',0.0000,'Cdn dollars');

-- ---- tblInventoryRate -> ypl.inventory_rates ----
INSERT INTO "ypl"."inventory_rates" ("inventoryid", "invamount", "taxratetype", "tax") VALUES (114,0.0000,'Hotel','$0.00'), (114,0.0000,'HST','$0.00'), (114,0.0000,'DMT','$0.00'), (114,0.0000,'Room','$0.00'), (114,0.0000,'GST','$0.00'), (114,0.0000,'PST','$0.00'), (114,0.0000,'Liquor','$0.00');

-- ---- tblInventoryRate2 -> ypl.inventory_rates_2 ----
INSERT INTO "ypl"."inventory_rates_2" ("transactionid", "inventoryid", "firstofinvamount", "gst", "pst", "hst", "liquor", "room", "hotel", "dmt") VALUES (300106,114,120.0000,'0','0','0','0','0','0','0');

-- ---- tblCalcTaxRateFilter -> ypl.calc_tax_rate_filters ----
INSERT INTO "ypl"."calc_tax_rate_filters" ("taxrateid", "taxratetype", "taxrate") VALUES (8,'PST',0.07000000000000001), (16,'Hotel',0), (17,'Liquor',0.1), (18,'Room',0.048), (20,'DMT',0.012), (21,'HST',0), (23,'GST',0.05);

-- ---- tblCalcTaxRateFilter2 -> ypl.calc_tax_rate_filters_2 ----
INSERT INTO "ypl"."calc_tax_rate_filters_2" ("transid", "gst", "pst", "hst", "liquor", "hotel", "room", "dmt") VALUES (300060,0.05,0.07000000000000001,0,0.1,0,0.048,0.012);

-- ---- tblChooseRoomRate -> ypl.choose_room_rates ----
INSERT INTO "ypl"."choose_room_rates" ("roomid", "roomratetype", "roomrate", "taxratetype", "tax") VALUES (54,'Split',127.0000,'DMT','$1.52'), (54,'Split',127.0000,'GST','$6.35'), (54,'Split',127.0000,'Hotel','$0.00'), (54,'Split',127.0000,'HST','$0.00'), (54,'Split',127.0000,'PST','$0.00'), (54,'Split',127.0000,'Room','$6.10');

-- ---- tblChooseRoomRate2 -> ypl.choose_room_rates_2 ----
INSERT INTO "ypl"."choose_room_rates_2" ("transactionid", "roomid", "firstofroomrate", "gst", "pst", "hst", "room", "hotel", "dmt") VALUES (300156,54,127.0000,'$6.35','$0.00','$0.00','$6.10','$0.00','$1.52');

-- ---- tblInventoryTax -> ypl.inventory_taxes ----
INSERT INTO "ypl"."inventory_taxes" ("inventoryid", "invitemdescription", "invamount", "taxratetype", "tax") VALUES (107,'Toothbrush',3.5700,'DMT','$0.00'), (107,'Toothbrush',3.5700,'GST','$0.18'), (107,'Toothbrush',3.5700,'Hotel','$0.00'), (107,'Toothbrush',3.5700,'HST','$0.00'), (107,'Toothbrush',3.5700,'Liquor','$0.00'), (107,'Toothbrush',3.5700,'PST','$0.25'), (107,'Toothbrush',3.5700,'Room','$0.00');

-- ---- tblInventoryTax2 -> ypl.inventory_taxes_2 ----
INSERT INTO "ypl"."inventory_taxes_2" ("transactionid", "inventoryid", "firstofinvamount", "gst", "pst", "hst", "liquor", "room", "hotel", "dmt") VALUES (300195,107,3.5700,'$0.18','$0.25','$0.00','$0.00','$0.00','$0.00','$0.00');

-- Keep serial sequences ahead of seeded Access IDs.
select setval(
  pg_get_serial_sequence('ypl.application_registration', 'registrationid'),
  coalesce((select max(registrationid) from ypl.application_registration), 1),
  (select max(registrationid) is not null from ypl.application_registration)
);
select setval(
  pg_get_serial_sequence('ypl.application_specifications', 'specid'),
  coalesce((select max(specid) from ypl.application_specifications), 1),
  (select max(specid) is not null from ypl.application_specifications)
);
select setval(
  pg_get_serial_sequence('ypl.application_versions', 'versionid'),
  coalesce((select max(versionid) from ypl.application_versions), 1),
  (select max(versionid) is not null from ypl.application_versions)
);
select setval(
  pg_get_serial_sequence('ypl.exchange_rates', 'exchangerateid'),
  coalesce((select max(exchangerateid) from ypl.exchange_rates), 1),
  (select max(exchangerateid) is not null from ypl.exchange_rates)
);
select setval(
  pg_get_serial_sequence('ypl.inventory_items', 'inventoryid'),
  coalesce((select max(inventoryid) from ypl.inventory_items), 1),
  (select max(inventoryid) is not null from ypl.inventory_items)
);
select setval(
  pg_get_serial_sequence('ypl.lookup_users', 'userid'),
  coalesce((select max(userid) from ypl.lookup_users), 1),
  (select max(userid) is not null from ypl.lookup_users)
);
select setval(
  pg_get_serial_sequence('ypl.rooms', 'roomid'),
  coalesce((select max(roomid) from ypl.rooms), 1),
  (select max(roomid) is not null from ypl.rooms)
);
select setval(
  pg_get_serial_sequence('ypl.room_rates', 'roomrateid'),
  coalesce((select max(roomrateid) from ypl.room_rates), 1),
  (select max(roomrateid) is not null from ypl.room_rates)
);
select setval(
  pg_get_serial_sequence('ypl.room_rates_new', 'roomrateid'),
  coalesce((select max(roomrateid) from ypl.room_rates_new), 1),
  (select max(roomrateid) is not null from ypl.room_rates_new)
);
select setval(
  pg_get_serial_sequence('ypl.tax_rates', 'taxrateid'),
  coalesce((select max(taxrateid) from ypl.tax_rates), 1),
  (select max(taxrateid) is not null from ypl.tax_rates)
);
select setval(
  pg_get_serial_sequence('ypl.calc_tax_rate_filters', 'taxrateid'),
  coalesce((select max(taxrateid) from ypl.calc_tax_rate_filters), 1),
  (select max(taxrateid) is not null from ypl.calc_tax_rate_filters)
);
